Poisonous or Edible,odor,spore_print_color
0,a,n
0,a,k
0,a,k
0,a,k
0,a,k
0,a,n
0,a,n
0,a,n
0,a,n
0,a,n
0,a,n
0,a,n
0,a,k
0,a,n
0,a,k
0,a,k
0,a,n
0,a,k
0,a,n
0,a,n
0,a,k
0,a,k
0,a,k
0,a,n
0,a,k
0,a,k
0,a,n
0,a,k
0,a,n
0,a,k
0,a,k
0,a,k
0,a,n
0,a,n
0,a,k
0,a,u
0,a,k
0,a,n
0,a,n
0,a,n
0,a,n
0,a,k
0,a,k
0,a,k
0,a,k
0,a,n
0,a,u
0,a,n
0,a,n
0,a,k
0,a,k
0,a,k
0,a,n
0,a,n
0,a,k
0,a,k
0,a,k
0,a,k
0,a,n
0,a,n
0,a,k
0,a,n
0,a,n
0,a,n
0,a,k
0,a,n
0,a,k
0,a,n
0,a,k
0,a,k
0,a,k
0,a,n
0,a,n
0,a,k
0,a,k
0,a,n
0,a,n
0,a,n
0,a,n
0,a,n
0,a,n
0,a,k
0,a,k
0,a,n
0,a,u
0,a,k
0,a,n
0,a,k
0,a,n
0,a,n
0,a,n
0,a,n
0,a,n
0,a,n
0,a,n
0,a,n
0,a,n
0,a,n
0,a,n
0,a,k
0,a,k
0,a,k
0,a,k
0,a,n
0,a,k
0,a,n
0,a,k
0,a,k
0,a,k
0,a,n
0,a,n
0,a,n
0,a,k
0,a,u
0,a,k
0,a,k
0,a,n
0,a,k
0,a,k
0,a,k
0,a,n
0,a,k
0,a,k
0,a,n
0,a,n
0,a,n
0,a,n
0,a,k
0,a,n
0,a,n
0,a,n
0,a,n
0,a,k
0,a,n
0,a,u
0,a,n
0,a,n
0,a,k
0,a,k
0,a,n
0,a,k
0,a,n
0,a,n
0,a,n
0,a,n
0,a,k
0,a,k
0,a,n
0,a,k
0,a,n
0,a,n
0,a,n
0,a,n
0,a,n
0,a,n
0,a,n
0,a,k
0,a,u
0,a,n
0,a,k
0,a,n
0,a,k
0,a,n
0,a,n
0,a,k
0,a,n
0,a,n
0,a,k
0,a,n
0,a,k
0,a,u
0,a,n
0,a,n
0,a,k
0,a,n
0,a,k
0,a,k
0,a,u
0,a,k
0,a,n
0,a,n
0,a,n
0,a,n
0,a,k
0,a,k
0,a,n
0,a,n
0,a,k
0,a,u
0,a,k
0,a,n
0,a,n
0,a,n
0,a,n
0,a,n
0,a,n
0,a,k
0,a,k
0,a,u
0,a,k
0,a,k
0,a,k
0,a,n
0,a,k
0,a,n
0,a,n
0,a,u
0,a,u
0,a,n
0,a,n
0,a,k
0,a,k
0,a,k
0,a,n
0,a,n
0,a,n
0,a,n
0,a,k
0,a,n
0,a,k
0,a,k
0,a,k
0,a,k
0,a,n
0,a,k
0,a,n
0,a,k
0,a,k
0,a,n
0,a,n
0,a,k
0,a,k
0,a,n
0,a,k
0,a,k
0,a,k
0,a,k
0,a,k
0,a,k
0,a,k
0,a,n
0,a,n
0,a,n
0,a,k
0,a,k
0,a,n
0,a,u
0,a,k
0,a,k
0,a,n
0,a,k
0,a,k
0,a,n
0,a,n
0,a,n
0,a,n
0,a,k
0,a,k
0,a,n
0,a,k
0,a,n
0,a,n
0,a,k
0,a,k
0,a,n
0,a,n
0,a,n
0,a,k
0,a,k
0,a,n
0,a,k
0,a,u
0,a,n
0,a,u
0,a,n
0,a,k
0,a,n
0,a,k
0,a,n
0,a,k
0,a,n
0,a,k
0,a,n
0,a,n
0,a,n
0,a,k
0,a,k
0,a,k
0,a,n
0,a,k
0,a,n
0,a,n
0,a,k
0,a,k
0,a,k
0,a,k
0,a,k
0,a,k
0,a,k
0,a,n
0,a,k
0,a,k
0,a,u
0,a,n
0,a,k
0,a,k
0,a,u
0,a,n
0,a,k
0,a,n
0,a,k
0,a,n
0,a,k
0,a,n
0,a,n
0,a,n
0,a,n
0,a,k
0,a,n
0,a,n
0,a,n
0,a,n
0,a,k
0,a,u
0,a,n
0,a,n
0,a,k
0,a,k
0,a,n
0,a,k
0,a,n
0,a,n
0,a,k
0,a,n
0,a,u
0,a,n
0,a,n
0,a,u
0,a,k
0,a,k
0,a,n
0,a,k
0,a,n
0,a,n
0,a,k
0,a,n
0,a,k
0,a,n
0,a,k
0,a,n
0,a,u
0,a,n
0,a,k
0,a,k
0,a,n
0,a,n
0,a,k
0,a,n
0,a,n
0,a,k
0,a,k
0,a,k
0,a,k
0,a,n
0,a,n
0,a,k
0,a,k
0,a,k
0,a,k
0,a,k
0,a,n
0,a,n
0,a,u
0,a,u
0,a,k
0,a,k
0,a,u
0,a,k
0,a,k
0,a,k
0,a,k
0,a,n
0,a,k
0,a,n
0,a,n
0,a,k
0,a,n
0,a,n
0,a,n
0,a,n
0,a,n
0,a,n
0,a,n
0,a,n
0,a,n
0,a,n
0,a,n
0,a,k
0,a,k
0,a,n
1,c,n
1,c,k
1,c,k
1,c,n
1,c,n
1,c,n
1,c,k
1,c,n
1,c,n
1,c,k
1,c,n
1,c,k
1,c,k
1,c,k
1,c,n
1,c,k
1,c,n
1,c,k
1,c,n
1,c,n
1,c,k
1,c,n
1,c,k
1,c,k
1,c,n
1,c,n
1,c,n
1,c,k
1,c,k
1,c,k
1,c,n
1,c,k
1,c,n
1,c,n
1,c,n
1,c,k
1,c,n
1,c,n
1,c,k
1,c,k
1,c,k
1,c,k
1,c,n
1,c,k
1,c,k
1,c,n
1,c,k
1,c,n
1,c,n
1,c,n
1,c,n
1,c,n
1,c,k
1,c,k
1,c,k
1,c,n
1,c,k
1,c,n
1,c,k
1,c,n
1,c,k
1,c,k
1,c,k
1,c,n
1,c,k
1,c,n
1,c,n
1,c,k
1,c,n
1,c,n
1,c,n
1,c,k
1,c,n
1,c,k
1,c,k
1,c,k
1,c,k
1,c,n
1,c,n
1,c,n
1,c,k
1,c,k
1,c,n
1,c,n
1,c,n
1,c,n
1,c,n
1,c,n
1,c,n
1,c,k
1,c,k
1,c,n
1,c,n
1,c,k
1,c,n
1,c,n
1,c,k
1,c,n
1,c,k
1,c,n
1,c,n
1,c,k
1,c,n
1,c,n
1,c,k
1,c,n
1,c,k
1,c,k
1,c,k
1,c,k
1,c,n
1,c,n
1,c,k
1,c,n
1,c,n
1,c,k
1,c,k
1,c,k
1,c,n
1,c,n
1,c,k
1,c,n
1,c,n
1,c,n
1,c,n
1,c,k
1,c,k
1,c,n
1,c,n
1,c,n
1,c,n
1,c,k
1,c,k
1,c,n
1,c,k
1,c,k
1,c,n
1,c,k
1,c,k
1,c,k
1,c,k
1,c,n
1,c,k
1,c,n
1,c,n
1,c,k
1,c,k
1,c,k
1,c,n
1,c,n
1,c,k
1,c,k
1,c,k
1,c,k
1,c,k
1,c,n
1,c,n
1,c,n
1,c,n
1,c,n
1,c,n
1,c,n
1,c,k
1,c,k
1,c,n
1,c,k
1,c,k
1,c,n
1,c,n
1,c,n
1,c,k
1,c,k
1,c,k
1,c,n
1,c,n
1,c,k
1,c,k
1,c,k
1,c,k
1,c,n
1,c,k
1,c,k
1,c,k
1,c,n
1,c,k
1,c,k
1,c,k
1,c,k
1,c,n
1,c,k
1,c,k
1,c,n
1,f,h
1,f,h
1,f,h
1,f,h
1,f,h
1,f,h
1,f,h
1,f,h
1,f,h
1,f,h
1,f,h
1,f,h
1,f,h
1,f,h
1,f,h
1,f,h
1,f,h
1,f,h
1,f,h
1,f,h
1,f,h
1,f,h
1,f,h
1,f,h
1,f,h
1,f,h
1,f,h
1,f,h
1,f,h
1,f,h
1,f,h
1,f,h
1,f,h
1,f,h
1,f,h
1,f,h
1,f,h
1,f,h
1,f,h
1,f,h
1,f,h
1,f,h
1,f,h
1,f,h
1,f,h
1,f,h
1,f,h
1,f,h
1,f,h
1,f,h
1,f,h
1,f,h
1,f,h
1,f,h
1,f,h
1,f,h
1,f,h
1,f,h
1,f,h
1,f,h
1,f,h
1,f,h
1,f,h
1,f,h
1,f,h
1,f,h
1,f,h
1,f,h
1,f,h
1,f,h
1,f,h
1,f,h
1,f,h
1,f,h
1,f,h
1,f,h
1,f,h
1,f,h
1,f,h
1,f,h
1,f,h
1,f,h
1,f,h
1,f,h
1,f,h
1,f,h
1,f,h
1,f,h
1,f,h
1,f,h
1,f,h
1,f,h
1,f,h
1,f,h
1,f,h
1,f,h
1,f,h
1,f,h
1,f,h
1,f,h
1,f,h
1,f,h
1,f,h
1,f,h
1,f,h
1,f,h
1,f,h
1,f,h
1,f,h
1,f,h
1,f,h
1,f,h
1,f,h
1,f,h
1,f,h
1,f,h
1,f,h
1,f,h
1,f,h
1,f,h
1,f,h
1,f,h
1,f,h
1,f,h
1,f,h
1,f,h
1,f,h
1,f,h
1,f,h
1,f,h
1,f,h
1,f,h
1,f,h
1,f,h
1,f,h
1,f,h
1,f,h
1,f,h
1,f,h
1,f,h
1,f,h
1,f,h
1,f,h
1,f,h
1,f,h
1,f,h
1,f,h
1,f,h
1,f,h
1,f,h
1,f,h
1,f,h
1,f,h
1,f,h
1,f,h
1,f,h
1,f,h
1,f,h
1,f,h
1,f,h
1,f,h
1,f,h
1,f,h
1,f,h
1,f,h
1,f,h
1,f,h
1,f,h
1,f,h
1,f,h
1,f,h
1,f,h
1,f,h
1,f,h
1,f,h
1,f,h
1,f,h
1,f,h
1,f,h
1,f,h
1,f,h
1,f,h
1,f,h
1,f,h
1,f,h
1,f,h
1,f,h
1,f,h
1,f,h
1,f,h
1,f,h
1,f,h
1,f,h
1,f,h
1,f,h
1,f,h
1,f,h
1,f,h
1,f,h
1,f,h
1,f,h
1,f,h
1,f,h
1,f,h
1,f,h
1,f,h
1,f,h
1,f,h
1,f,h
1,f,h
1,f,h
1,f,h
1,f,h
1,f,h
1,f,h
1,f,h
1,f,h
1,f,h
1,f,h
1,f,h
1,f,h
1,f,h
1,f,h
1,f,h
1,f,h
1,f,h
1,f,h
1,f,h
1,f,h
1,f,h
1,f,h
1,f,h
1,f,h
1,f,h
1,f,h
1,f,h
1,f,h
1,f,h
1,f,h
1,f,h
1,f,h
1,f,h
1,f,h
1,f,h
1,f,h
1,f,h
1,f,h
1,f,h
1,f,h
1,f,h
1,f,h
1,f,h
1,f,h
1,f,h
1,f,h
1,f,h
1,f,h
1,f,h
1,f,h
1,f,h
1,f,h
1,f,h
1,f,h
1,f,h
1,f,h
1,f,h
1,f,h
1,f,h
1,f,h
1,f,h
1,f,h
1,f,h
1,f,h
1,f,h
1,f,h
1,f,h
1,f,h
1,f,h
1,f,h
1,f,h
1,f,h
1,f,h
1,f,h
1,f,h
1,f,h
1,f,h
1,f,h
1,f,h
1,f,h
1,f,h
1,f,h
1,f,h
1,f,h
1,f,h
1,f,h
1,f,h
1,f,h
1,f,h
1,f,h
1,f,h
1,f,h
1,f,h
1,f,h
1,f,h
1,f,h
1,f,h
1,f,h
1,f,h
1,f,h
1,f,h
1,f,h
1,f,h
1,f,h
1,f,h
1,f,h
1,f,h
1,f,h
1,f,h
1,f,h
1,f,h
1,f,h
1,f,h
1,f,h
1,f,h
1,f,h
1,f,h
1,f,h
1,f,h
1,f,h
1,f,h
1,f,w
1,f,h
1,f,h
1,f,h
1,f,h
1,f,h
1,f,h
1,f,h
1,f,h
1,f,h
1,f,h
1,f,h
1,f,h
1,f,h
1,f,h
1,f,h
1,f,h
1,f,h
1,f,h
1,f,h
1,f,h
1,f,h
1,f,h
1,f,h
1,f,h
1,f,h
1,f,h
1,f,h
1,f,h
1,f,h
1,f,h
1,f,h
1,f,h
1,f,h
1,f,h
1,f,h
1,f,h
1,f,h
1,f,h
1,f,h
1,f,h
1,f,h
1,f,h
1,f,h
1,f,h
1,f,h
1,f,h
1,f,h
1,f,h
1,f,h
1,f,h
1,f,h
1,f,h
1,f,h
1,f,h
1,f,h
1,f,h
1,f,h
1,f,h
1,f,h
1,f,h
1,f,h
1,f,h
1,f,h
1,f,h
1,f,h
1,f,h
1,f,h
1,f,h
1,f,h
1,f,h
1,f,h
1,f,h
1,f,h
1,f,h
1,f,h
1,f,h
1,f,h
1,f,h
1,f,h
1,f,h
1,f,h
1,f,h
1,f,h
1,f,h
1,f,h
1,f,h
1,f,h
1,f,h
1,f,h
1,f,h
1,f,h
1,f,h
1,f,h
1,f,h
1,f,h
1,f,h
1,f,h
1,f,h
1,f,h
1,f,h
1,f,h
1,f,h
1,f,h
1,f,h
1,f,h
1,f,h
1,f,h
1,f,h
1,f,h
1,f,h
1,f,h
1,f,h
1,f,h
1,f,h
1,f,h
1,f,h
1,f,h
1,f,h
1,f,h
1,f,h
1,f,h
1,f,h
1,f,h
1,f,h
1,f,h
1,f,h
1,f,h
1,f,h
1,f,h
1,f,h
1,f,h
1,f,h
1,f,h
1,f,h
1,f,h
1,f,h
1,f,h
1,f,h
1,f,h
1,f,h
1,f,h
1,f,h
1,f,h
1,f,h
1,f,h
1,f,h
1,f,h
1,f,h
1,f,h
1,f,h
1,f,h
1,f,h
1,f,h
1,f,h
1,f,h
1,f,h
1,f,h
1,f,h
1,f,h
1,f,h
1,f,h
1,f,h
1,f,h
1,f,h
1,f,h
1,f,h
1,f,h
1,f,h
1,f,h
1,f,h
1,f,h
1,f,h
1,f,h
1,f,h
1,f,h
1,f,h
1,f,h
1,f,h
1,f,h
1,f,h
1,f,h
1,f,h
1,f,h
1,f,h
1,f,h
1,f,h
1,f,h
1,f,h
1,f,h
1,f,h
1,f,h
1,f,h
1,f,h
1,f,h
1,f,h
1,f,h
1,f,h
1,f,h
1,f,h
1,f,h
1,f,h
1,f,h
1,f,h
1,f,h
1,f,h
1,f,h
1,f,h
1,f,h
1,f,h
1,f,h
1,f,h
1,f,h
1,f,h
1,f,h
1,f,h
1,f,h
1,f,h
1,f,h
1,f,h
1,f,h
1,f,h
1,f,h
1,f,h
1,f,h
1,f,h
1,f,h
1,f,h
1,f,h
1,f,h
1,f,h
1,f,h
1,f,h
1,f,h
1,f,h
1,f,h
1,f,h
1,f,h
1,f,h
1,f,h
1,f,h
1,f,h
1,f,h
1,f,h
1,f,h
1,f,h
1,f,h
1,f,h
1,f,h
1,f,h
1,f,h
1,f,h
1,f,h
1,f,h
1,f,h
1,f,h
1,f,h
1,f,h
1,f,h
1,f,h
1,f,h
1,f,h
1,f,h
1,f,h
1,f,h
1,f,h
1,f,h
1,f,h
1,f,h
1,f,h
1,f,h
1,f,h
1,f,h
1,f,h
1,f,h
1,f,h
1,f,h
1,f,h
1,f,h
1,f,h
1,f,h
1,f,h
1,f,h
1,f,h
1,f,h
1,f,h
1,f,h
1,f,h
1,f,h
1,f,h
1,f,h
1,f,h
1,f,h
1,f,h
1,f,h
1,f,h
1,f,h
1,f,h
1,f,h
1,f,h
1,f,h
1,f,h
1,f,h
1,f,h
1,f,h
1,f,h
1,f,h
1,f,h
1,f,h
1,f,h
1,f,h
1,f,h
1,f,h
1,f,h
1,f,h
1,f,h
1,f,h
1,f,h
1,f,h
1,f,h
1,f,h
1,f,h
1,f,h
1,f,h
1,f,h
1,f,h
1,f,h
1,f,h
1,f,h
1,f,h
1,f,h
1,f,h
1,f,h
1,f,h
1,f,h
1,f,h
1,f,h
1,f,h
1,f,h
1,f,h
1,f,h
1,f,h
1,f,h
1,f,h
1,f,h
1,f,h
1,f,h
1,f,h
1,f,h
1,f,h
1,f,h
1,f,h
1,f,h
1,f,h
1,f,h
1,f,h
1,f,h
1,f,h
1,f,h
1,f,h
1,f,h
1,f,h
1,f,h
1,f,h
1,f,h
1,f,h
1,f,h
1,f,h
1,f,h
1,f,h
1,f,h
1,f,h
1,f,h
1,f,h
1,f,h
1,f,h
1,f,h
1,f,h
1,f,h
1,f,h
1,f,h
1,f,h
1,f,h
1,f,h
1,f,h
1,f,h
1,f,h
1,f,h
1,f,h
1,f,h
1,f,h
1,f,h
1,f,h
1,f,h
1,f,h
1,f,h
1,f,h
1,f,h
1,f,h
1,f,h
1,f,h
1,f,h
1,f,h
1,f,h
1,f,h
1,f,h
1,f,h
1,f,h
1,f,h
1,f,h
1,f,h
1,f,h
1,f,h
1,f,h
1,f,h
1,f,h
1,f,h
1,f,h
1,f,h
1,f,h
1,f,h
1,f,h
1,f,h
1,f,h
1,f,h
1,f,h
1,f,h
1,f,h
1,f,h
1,f,h
1,f,h
1,f,h
1,f,h
1,f,h
1,f,h
1,f,h
1,f,h
1,f,h
1,f,h
1,f,h
1,f,h
1,f,h
1,f,h
1,f,h
1,f,h
1,f,h
1,f,h
1,f,h
1,f,h
1,f,h
1,f,h
1,f,h
1,f,h
1,f,h
1,f,h
1,f,h
1,f,h
1,f,h
1,f,h
1,f,h
1,f,h
1,f,h
1,f,h
1,f,h
1,f,h
1,f,h
1,f,h
1,f,h
1,f,h
1,f,h
1,f,h
1,f,h
1,f,h
1,f,h
1,f,h
1,f,h
1,f,h
1,f,h
1,f,h
1,f,h
1,f,h
1,f,h
1,f,h
1,f,h
1,f,h
1,f,h
1,f,h
1,f,h
1,f,h
1,f,h
1,f,h
1,f,h
1,f,h
1,f,h
1,f,h
1,f,h
1,f,h
1,f,h
1,f,h
1,f,h
1,f,h
1,f,h
1,f,h
1,f,h
1,f,h
1,f,h
1,f,h
1,f,h
1,f,h
1,f,h
1,f,h
1,f,h
1,f,h
1,f,h
1,f,h
1,f,h
1,f,h
1,f,h
1,f,h
1,f,h
1,f,h
1,f,h
1,f,h
1,f,h
1,f,h
1,f,h
1,f,h
1,f,h
1,f,w
1,f,h
1,f,h
1,f,h
1,f,h
1,f,h
1,f,h
1,f,h
1,f,h
1,f,h
1,f,h
1,f,h
1,f,h
1,f,h
1,f,h
1,f,h
1,f,h
1,f,h
1,f,h
1,f,h
1,f,h
1,f,h
1,f,h
1,f,h
1,f,h
1,f,h
1,f,h
1,f,h
1,f,h
1,f,h
1,f,h
1,f,h
1,f,h
1,f,h
1,f,h
1,f,h
1,f,h
1,f,h
1,f,h
1,f,h
1,f,h
1,f,h
1,f,h
1,f,h
1,f,h
1,f,h
1,f,h
1,f,h
1,f,h
1,f,h
1,f,h
1,f,h
1,f,h
1,f,h
1,f,h
1,f,h
1,f,h
1,f,h
1,f,h
1,f,h
1,f,h
1,f,h
1,f,h
1,f,h
1,f,h
1,f,h
1,f,h
1,f,h
1,f,h
1,f,h
1,f,h
1,f,w
1,f,h
1,f,h
1,f,h
1,f,h
1,f,h
1,f,h
1,f,h
1,f,h
1,f,h
1,f,h
1,f,h
1,f,h
1,f,h
1,f,h
1,f,h
1,f,h
1,f,h
1,f,h
1,f,h
1,f,h
1,f,h
1,f,h
1,f,h
1,f,h
1,f,h
1,f,h
1,f,h
1,f,h
1,f,h
1,f,h
1,f,h
1,f,h
1,f,h
1,f,h
1,f,h
1,f,h
1,f,h
1,f,h
1,f,h
1,f,h
1,f,h
1,f,h
1,f,h
1,f,h
1,f,h
1,f,h
1,f,h
1,f,h
1,f,h
1,f,w
1,f,h
1,f,h
1,f,h
1,f,h
1,f,h
1,f,h
1,f,h
1,f,h
1,f,h
1,f,h
1,f,w
1,f,h
1,f,h
1,f,h
1,f,h
1,f,h
1,f,h
1,f,h
1,f,h
1,f,h
1,f,h
1,f,h
1,f,h
1,f,h
1,f,h
1,f,h
1,f,h
1,f,h
1,f,h
1,f,h
1,f,h
1,f,h
1,f,h
1,f,h
1,f,h
1,f,h
1,f,h
1,f,h
1,f,h
1,f,h
1,f,h
1,f,h
1,f,h
1,f,h
1,f,h
1,f,h
1,f,h
1,f,h
1,f,h
1,f,h
1,f,h
1,f,h
1,f,h
1,f,h
1,f,h
1,f,h
1,f,h
1,f,h
1,f,h
1,f,h
1,f,h
1,f,h
1,f,h
1,f,h
1,f,h
1,f,h
1,f,h
1,f,h
1,f,h
1,f,h
1,f,h
1,f,h
1,f,h
1,f,h
1,f,h
1,f,h
1,f,h
1,f,h
1,f,h
1,f,h
1,f,h
1,f,h
1,f,h
1,f,h
1,f,h
1,f,h
1,f,h
1,f,h
1,f,h
1,f,h
1,f,h
1,f,h
1,f,h
1,f,h
1,f,h
1,f,h
1,f,h
1,f,h
1,f,h
1,f,h
1,f,w
1,f,h
1,f,h
1,f,h
1,f,h
1,f,h
1,f,h
1,f,h
1,f,h
1,f,h
1,f,h
1,f,h
1,f,h
1,f,h
1,f,h
1,f,h
1,f,h
1,f,h
1,f,h
1,f,h
1,f,h
1,f,h
1,f,h
1,f,h
1,f,h
1,f,h
1,f,h
1,f,h
1,f,h
1,f,h
1,f,h
1,f,h
1,f,h
1,f,h
1,f,h
1,f,h
1,f,h
1,f,h
1,f,h
1,f,h
1,f,h
1,f,h
1,f,h
1,f,h
1,f,h
1,f,h
1,f,h
1,f,h
1,f,h
1,f,h
1,f,h
1,f,h
1,f,h
1,f,h
1,f,h
1,f,h
1,f,h
1,f,h
1,f,h
1,f,h
1,f,h
1,f,h
1,f,h
1,f,h
1,f,h
1,f,h
1,f,h
1,f,h
1,f,h
1,f,h
1,f,h
1,f,h
1,f,h
1,f,h
1,f,h
1,f,h
1,f,h
1,f,h
1,f,h
1,f,h
1,f,h
1,f,h
1,f,h
1,f,h
1,f,h
1,f,h
1,f,h
1,f,h
1,f,h
1,f,h
1,f,h
1,f,h
1,f,h
1,f,h
1,f,h
1,f,h
1,f,h
1,f,h
1,f,h
1,f,h
1,f,h
1,f,h
1,f,h
1,f,h
1,f,w
1,f,h
1,f,w
1,f,h
1,f,w
1,f,h
1,f,h
1,f,h
1,f,h
1,f,h
1,f,w
1,f,h
1,f,h
1,f,h
1,f,h
1,f,h
1,f,h
1,f,h
1,f,h
1,f,h
1,f,h
1,f,h
1,f,h
1,f,h
1,f,h
1,f,h
1,f,h
1,f,h
1,f,w
1,f,h
1,f,h
1,f,h
1,f,h
1,f,h
1,f,h
1,f,w
1,f,h
1,f,h
1,f,h
1,f,h
1,f,h
1,f,h
1,f,h
1,f,h
1,f,h
1,f,h
1,f,h
1,f,w
1,f,w
1,f,h
1,f,w
1,f,h
1,f,h
1,f,h
1,f,h
1,f,h
1,f,h
1,f,h
1,f,h
1,f,h
1,f,h
1,f,h
1,f,h
1,f,h
1,f,h
1,f,h
1,f,h
1,f,h
1,f,h
1,f,h
1,f,w
1,f,h
1,f,h
1,f,h
1,f,h
1,f,h
1,f,h
1,f,h
1,f,h
1,f,h
1,f,h
1,f,h
1,f,h
1,f,h
1,f,h
1,f,h
1,f,h
1,f,h
1,f,h
1,f,w
1,f,h
1,f,w
1,f,h
1,f,h
1,f,h
1,f,h
1,f,h
1,f,h
1,f,w
1,f,h
1,f,h
1,f,h
1,f,h
1,f,h
1,f,h
1,f,h
1,f,h
1,f,h
1,f,h
1,f,h
1,f,h
1,f,h
1,f,h
1,f,h
1,f,w
1,f,h
1,f,h
1,f,h
1,f,h
1,f,h
1,f,w
1,f,h
1,f,h
1,f,h
1,f,h
1,f,h
1,f,h
1,f,h
1,f,h
1,f,h
1,f,w
1,f,h
1,f,h
1,f,h
1,f,h
1,f,h
1,f,h
1,f,h
1,f,h
1,f,h
1,f,h
1,f,h
1,f,h
1,f,h
1,f,w
1,f,h
1,f,h
1,f,h
1,f,h
1,f,h
1,f,h
1,f,h
1,f,h
1,f,h
1,f,h
1,f,h
1,f,h
1,f,h
1,f,h
1,f,h
1,f,h
1,f,h
1,f,w
1,f,h
1,f,h
1,f,h
1,f,h
1,f,h
1,f,h
1,f,h
1,f,h
1,f,h
1,f,h
1,f,h
1,f,h
1,f,h
1,f,h
1,f,h
1,f,h
1,f,h
1,f,h
1,f,h
1,f,h
1,f,h
1,f,h
1,f,h
1,f,h
1,f,h
1,f,h
1,f,h
1,f,h
1,f,h
1,f,h
1,f,h
1,f,h
1,f,h
1,f,h
1,f,h
1,f,h
1,f,h
1,f,h
1,f,h
1,f,h
1,f,h
1,f,h
1,f,h
1,f,h
1,f,h
1,f,h
1,f,h
1,f,h
1,f,h
1,f,h
1,f,h
1,f,h
1,f,w
1,f,h
1,f,h
1,f,w
1,f,w
1,f,h
1,f,h
1,f,h
1,f,h
1,f,h
1,f,h
1,f,h
1,f,h
1,f,w
1,f,h
1,f,h
1,f,h
1,f,h
1,f,h
1,f,h
1,f,h
1,f,h
1,f,h
1,f,w
1,f,h
1,f,w
1,f,h
1,f,w
1,f,h
1,f,h
1,f,h
1,f,w
1,f,w
1,f,h
1,f,h
1,f,h
1,f,h
1,f,h
1,f,h
1,f,h
1,f,h
1,f,h
1,f,h
1,f,h
1,f,h
1,f,h
1,f,h
1,f,h
1,f,h
1,f,h
1,f,h
1,f,h
1,f,h
1,f,h
1,f,h
1,f,h
1,f,h
1,f,h
1,f,h
1,f,h
1,f,h
1,f,h
1,f,h
1,f,h
1,f,h
1,f,h
1,f,h
1,f,h
1,f,h
1,f,h
1,f,h
1,f,h
1,f,h
1,f,h
1,f,h
1,f,h
1,f,h
1,f,h
1,f,h
1,f,h
1,f,h
1,f,h
1,f,h
1,f,h
1,f,h
1,f,h
1,f,h
1,f,h
1,f,h
1,f,h
1,f,h
1,f,h
1,f,h
1,f,h
1,f,h
1,f,h
1,f,h
1,f,h
1,f,h
1,f,h
1,f,h
1,f,h
1,f,h
1,f,h
1,f,h
1,f,w
1,f,h
1,f,h
1,f,h
1,f,h
1,f,h
1,f,w
1,f,h
1,f,h
1,f,h
1,f,h
1,f,h
1,f,h
1,f,h
1,f,h
1,f,h
1,f,h
1,f,h
1,f,h
1,f,w
1,f,h
1,f,h
1,f,h
1,f,h
1,f,h
1,f,h
1,f,w
1,f,h
1,f,h
1,f,h
1,f,h
1,f,h
1,f,h
1,f,h
1,f,h
1,f,h
1,f,h
1,f,h
1,f,h
1,f,w
1,f,h
1,f,h
1,f,h
1,f,h
1,f,h
1,f,h
1,f,h
1,f,h
1,f,h
1,f,h
1,f,w
1,f,h
1,f,h
1,f,w
1,f,h
1,f,h
1,f,w
1,f,h
1,f,h
1,f,h
1,f,h
1,f,h
1,f,h
1,f,h
1,f,h
1,f,h
1,f,h
1,f,h
1,f,w
1,f,h
1,f,h
1,f,h
1,f,h
1,f,h
1,f,h
1,f,h
1,f,h
1,f,h
1,f,h
1,f,h
1,f,h
1,f,h
1,f,h
1,f,h
1,f,h
1,f,h
1,f,h
1,f,h
1,f,h
1,f,h
1,f,h
1,f,w
1,f,w
1,f,h
1,f,h
1,f,h
1,f,h
1,f,h
1,f,h
1,f,h
1,f,h
1,f,h
1,f,h
1,f,h
1,f,h
1,f,h
1,f,w
1,f,h
1,f,h
1,f,h
1,f,h
1,f,h
1,f,h
1,f,h
1,f,h
1,f,h
1,f,h
1,f,h
1,f,w
1,f,h
1,f,h
1,f,h
1,f,h
1,f,w
1,f,h
1,f,w
1,f,h
1,f,h
1,f,w
1,f,w
1,f,w
1,f,w
1,f,w
1,f,w
1,f,w
1,f,w
1,f,w
1,f,w
1,f,w
1,f,w
1,f,w
1,f,w
1,f,w
1,f,w
1,f,w
1,f,w
1,f,w
1,f,w
1,f,w
1,f,w
1,f,w
1,f,w
1,f,w
1,f,w
1,f,w
1,f,w
1,f,w
1,f,w
1,f,w
1,f,w
1,f,w
1,f,w
1,f,w
1,f,w
1,f,w
1,f,w
1,f,w
1,f,w
1,f,w
1,f,w
1,f,w
1,f,w
1,f,w
1,f,w
1,f,w
1,f,w
1,f,w
1,f,w
1,f,w
1,f,w
1,f,w
1,f,w
1,f,w
1,f,w
1,f,w
1,f,w
1,f,w
1,f,w
1,f,w
1,f,w
1,f,w
1,f,w
1,f,w
1,f,w
1,f,w
1,f,w
1,f,w
1,f,w
1,f,w
1,f,w
1,f,w
1,f,w
1,f,w
1,f,w
1,f,w
1,f,w
1,f,w
1,f,w
1,f,w
1,f,w
1,f,w
1,f,w
1,f,w
1,f,w
1,f,w
1,f,w
1,f,w
1,f,w
1,f,w
1,f,w
1,f,w
1,f,w
1,f,w
1,f,w
1,f,w
1,f,w
1,f,w
1,f,w
1,f,w
1,f,w
1,f,w
1,f,w
1,f,w
1,f,w
1,f,w
1,f,w
1,f,w
1,f,w
1,f,w
1,f,w
1,f,w
1,f,w
1,f,w
1,f,w
1,f,w
1,f,w
1,f,w
1,f,w
1,f,w
1,f,w
1,f,w
1,f,w
1,f,w
1,f,w
1,f,w
1,f,w
1,f,w
1,f,w
1,f,w
1,f,w
1,f,w
1,f,w
1,f,w
1,f,w
1,f,w
1,f,w
1,f,w
1,f,w
1,f,w
1,f,w
1,f,w
1,f,w
1,f,w
1,f,w
1,f,w
1,f,w
1,f,w
1,f,w
1,f,w
1,f,w
1,f,w
1,f,w
1,f,w
1,f,w
1,f,w
1,f,w
1,f,w
1,f,w
1,f,w
1,f,w
1,f,w
1,f,w
1,f,w
1,f,w
1,f,w
1,f,w
1,f,w
1,f,w
1,f,w
1,f,w
1,f,w
1,f,w
1,f,w
1,f,w
1,f,w
1,f,w
1,f,w
1,f,w
1,f,w
1,f,w
1,f,w
1,f,w
1,f,w
1,f,w
1,f,w
1,f,w
1,f,w
1,f,w
1,f,w
1,f,w
1,f,w
1,f,w
1,f,w
1,f,w
1,f,w
1,f,w
1,f,w
1,f,w
1,f,w
1,f,w
1,f,w
1,f,w
1,f,w
1,f,w
1,f,w
1,f,w
1,f,w
1,f,w
1,f,w
1,f,w
1,f,w
1,f,w
1,f,w
1,f,w
1,f,w
1,f,w
1,f,w
1,f,w
1,f,w
1,f,w
1,f,w
1,f,w
1,f,w
1,f,w
1,f,w
1,f,w
1,f,w
1,f,w
1,f,w
1,f,w
1,f,w
1,f,w
1,f,w
1,f,w
1,f,w
1,f,w
1,f,w
1,f,w
1,f,w
1,f,w
1,f,w
1,f,w
1,f,w
1,f,w
1,f,w
1,f,w
1,f,w
1,f,w
1,f,w
1,f,w
1,f,w
1,f,w
1,f,w
1,f,w
1,f,w
1,f,w
1,f,w
1,f,w
1,f,w
1,f,w
1,f,w
1,f,w
1,f,w
1,f,w
1,f,w
1,f,w
1,f,w
1,f,w
1,f,w
1,f,w
1,f,w
1,f,w
1,f,w
1,f,w
1,f,w
1,f,w
1,f,w
1,f,w
1,f,w
1,f,w
1,f,w
1,f,w
1,f,w
1,f,w
1,f,w
1,f,w
1,f,w
1,f,w
1,f,w
1,f,w
1,f,w
1,f,w
1,f,w
1,f,w
1,f,w
1,f,w
1,f,w
1,f,w
1,f,w
1,f,w
1,f,w
1,f,w
1,f,w
1,f,w
1,f,w
1,f,w
1,f,w
1,f,w
1,f,w
1,f,w
1,f,w
1,f,w
1,f,w
1,f,w
1,f,w
1,f,w
1,f,w
1,f,w
1,f,w
1,f,w
1,f,w
1,f,w
1,f,w
1,f,w
1,f,w
1,f,w
1,f,w
1,f,w
1,f,w
1,f,w
1,f,w
1,f,w
1,f,w
1,f,w
1,f,w
1,f,w
1,f,w
1,f,w
1,f,w
1,f,w
1,f,w
1,f,w
1,f,w
1,f,w
1,f,w
1,f,w
1,f,w
1,f,w
1,f,w
1,f,w
1,f,w
1,f,w
1,f,w
1,f,w
1,f,w
1,f,w
1,f,w
1,f,w
1,f,w
1,f,w
1,f,w
1,f,w
1,f,w
1,f,w
1,f,w
1,f,w
1,f,w
1,f,w
1,f,w
1,f,w
1,f,w
1,f,w
1,f,w
1,f,w
1,f,w
1,f,w
1,f,w
1,f,w
1,f,w
1,f,w
1,f,w
1,f,w
1,f,w
1,f,w
1,f,w
1,f,w
1,f,w
1,f,w
1,f,w
1,f,w
1,f,w
1,f,w
1,f,w
1,f,w
1,f,w
1,f,w
1,f,w
1,f,w
1,f,w
1,f,w
1,f,w
1,f,w
1,f,w
1,f,w
1,f,w
1,f,w
1,f,w
1,f,w
1,f,w
1,f,w
1,f,w
1,f,w
1,f,w
1,f,w
1,f,w
1,f,w
1,f,w
1,f,w
1,f,w
1,f,w
1,f,w
1,f,w
1,f,w
1,f,w
1,f,w
1,f,w
1,f,w
1,f,w
1,f,w
1,f,w
1,f,w
1,f,w
1,f,w
1,f,w
1,f,w
1,f,w
1,f,w
1,f,w
1,f,w
1,f,w
1,f,w
1,f,w
1,f,w
1,f,w
1,f,w
1,f,w
1,f,w
1,f,w
1,f,w
1,f,w
1,f,w
1,f,w
1,f,w
1,f,w
1,f,w
1,f,w
1,f,w
1,f,w
1,f,w
1,f,w
1,f,w
1,f,w
1,f,w
1,f,w
1,f,w
1,f,w
1,f,w
1,f,w
1,f,w
1,f,w
1,f,w
1,f,w
1,f,w
1,f,w
1,f,w
1,f,w
1,f,w
1,f,w
1,f,w
1,f,w
1,f,w
1,f,w
1,f,w
1,f,w
1,f,w
1,f,w
1,f,w
1,f,w
1,f,w
1,f,w
1,f,w
1,f,w
1,f,w
1,f,w
1,f,w
1,f,w
1,f,w
1,f,w
1,f,w
1,f,w
1,f,w
1,f,w
1,f,w
1,f,w
1,f,w
1,f,w
1,f,w
1,f,w
1,f,w
1,f,w
1,f,w
1,f,w
1,f,w
1,f,w
1,f,w
1,f,w
1,f,w
1,f,w
1,f,w
1,f,w
1,f,w
1,f,w
1,f,w
1,f,w
1,f,w
1,f,w
0,l,n
0,l,n
0,l,n
0,l,n
0,l,k
0,l,n
0,l,n
0,l,n
0,l,n
0,l,n
0,l,n
0,l,k
0,l,k
0,l,k
0,l,n
0,l,n
0,l,k
0,l,k
0,l,n
0,l,k
0,l,n
0,l,n
0,l,n
0,l,k
0,l,n
0,l,n
0,l,n
0,l,n
0,l,u
0,l,n
0,l,k
0,l,n
0,l,k
0,l,k
0,l,k
0,l,n
0,l,k
0,l,n
0,l,n
0,l,k
0,l,k
0,l,n
0,l,k
0,l,u
0,l,n
0,l,k
0,l,n
0,l,n
0,l,n
0,l,u
0,l,k
0,l,n
0,l,n
0,l,k
0,l,n
0,l,k
0,l,n
0,l,k
0,l,k
0,l,n
0,l,n
0,l,k
0,l,n
0,l,u
0,l,n
0,l,k
0,l,n
0,l,n
0,l,n
0,l,n
0,l,n
0,l,n
0,l,n
0,l,n
0,l,n
0,l,k
0,l,k
0,l,n
0,l,k
0,l,k
0,l,n
0,l,k
0,l,k
0,l,n
0,l,n
0,l,n
0,l,k
0,l,n
0,l,k
0,l,k
0,l,n
0,l,u
0,l,k
0,l,n
0,l,n
0,l,n
0,l,k
0,l,n
0,l,u
0,l,k
0,l,n
0,l,n
0,l,k
0,l,k
0,l,n
0,l,k
0,l,k
0,l,n
0,l,n
0,l,k
0,l,n
0,l,n
0,l,k
0,l,k
0,l,n
0,l,n
0,l,n
0,l,n
0,l,k
0,l,k
0,l,k
0,l,n
0,l,n
0,l,n
0,l,k
0,l,n
0,l,n
0,l,k
0,l,k
0,l,k
0,l,n
0,l,n
0,l,k
0,l,k
0,l,k
0,l,n
0,l,n
0,l,n
0,l,n
0,l,n
0,l,k
0,l,n
0,l,n
0,l,n
0,l,k
0,l,u
0,l,k
0,l,k
0,l,k
0,l,n
0,l,n
0,l,n
0,l,k
0,l,n
0,l,n
0,l,n
0,l,k
0,l,k
0,l,k
0,l,k
0,l,k
0,l,n
0,l,k
0,l,k
0,l,n
0,l,k
0,l,k
0,l,n
0,l,n
0,l,k
0,l,n
0,l,k
0,l,k
0,l,k
0,l,n
0,l,k
0,l,k
0,l,u
0,l,n
0,l,k
0,l,n
0,l,k
0,l,k
0,l,k
0,l,k
0,l,k
0,l,k
0,l,n
0,l,k
0,l,n
0,l,n
0,l,u
0,l,k
0,l,n
0,l,k
0,l,u
0,l,k
0,l,n
0,l,k
0,l,n
0,l,n
0,l,n
0,l,k
0,l,k
0,l,k
0,l,k
0,l,n
0,l,n
0,l,k
0,l,k
0,l,k
0,l,k
0,l,k
0,l,k
0,l,n
0,l,u
0,l,k
0,l,u
0,l,k
0,l,k
0,l,k
0,l,k
0,l,k
0,l,u
0,l,k
0,l,u
0,l,n
0,l,n
0,l,k
0,l,k
0,l,n
0,l,n
0,l,n
0,l,u
0,l,n
0,l,n
0,l,n
0,l,n
0,l,k
0,l,k
0,l,k
0,l,k
0,l,n
0,l,k
0,l,k
0,l,n
0,l,n
0,l,k
0,l,n
0,l,n
0,l,n
0,l,k
0,l,k
0,l,k
0,l,k
0,l,n
0,l,n
0,l,n
0,l,n
0,l,k
0,l,n
0,l,n
0,l,k
0,l,n
0,l,k
0,l,n
0,l,n
0,l,n
0,l,n
0,l,k
0,l,k
0,l,n
0,l,k
0,l,n
0,l,k
0,l,k
0,l,n
0,l,k
0,l,k
0,l,n
0,l,n
0,l,n
0,l,n
0,l,n
0,l,k
0,l,n
0,l,n
0,l,u
0,l,k
0,l,n
0,l,n
0,l,n
0,l,n
0,l,n
0,l,u
0,l,n
0,l,k
0,l,u
0,l,n
0,l,k
0,l,n
0,l,n
0,l,n
0,l,n
0,l,k
0,l,n
0,l,n
0,l,k
0,l,k
0,l,n
0,l,k
0,l,n
0,l,n
0,l,k
0,l,k
0,l,k
0,l,k
0,l,n
0,l,k
0,l,k
0,l,n
0,l,k
0,l,u
0,l,n
0,l,k
0,l,k
0,l,k
0,l,u
0,l,n
0,l,k
0,l,n
0,l,k
0,l,n
0,l,k
0,l,n
0,l,n
0,l,n
0,l,n
0,l,n
0,l,n
0,l,u
0,l,k
0,l,n
0,l,k
0,l,n
0,l,k
0,l,n
0,l,u
0,l,n
0,l,k
0,l,k
0,l,k
0,l,k
0,l,n
0,l,k
0,l,k
0,l,u
0,l,n
0,l,k
0,l,n
0,l,k
0,l,k
0,l,k
0,l,n
0,l,n
0,l,n
0,l,n
0,l,k
0,l,n
0,l,k
0,l,k
0,l,k
0,l,k
0,l,n
0,l,k
0,l,k
0,l,k
0,l,n
0,l,k
0,l,n
0,l,k
0,l,n
0,l,n
0,l,k
0,l,n
0,l,n
0,l,n
0,l,n
0,l,k
0,l,k
0,l,n
0,l,n
0,l,n
0,l,n
0,l,n
0,l,u
0,l,k
0,l,n
0,l,k
0,l,k
1,m,w
1,m,w
1,m,w
1,m,w
1,m,w
1,m,w
1,m,w
1,m,w
1,m,w
1,m,w
1,m,w
1,m,w
1,m,w
1,m,w
1,m,w
1,m,w
1,m,w
1,m,w
1,m,w
1,m,w
1,m,w
1,m,w
1,m,w
1,m,w
1,m,w
1,m,w
1,m,w
1,m,w
1,m,w
1,m,w
1,m,w
1,m,w
1,m,w
1,m,w
1,m,w
1,m,w
0,n,n
0,n,k
0,n,n
0,n,n
0,n,k
0,n,k
0,n,k
0,n,n
0,n,n
0,n,k
0,n,n
0,n,n
0,n,n
0,n,n
0,n,k
0,n,n
0,n,n
0,n,n
0,n,k
0,n,k
0,n,n
0,n,n
0,n,n
0,n,k
0,n,n
0,n,n
0,n,k
0,n,n
0,n,n
0,n,k
0,n,n
0,n,n
0,n,n
0,n,k
0,n,k
0,n,k
0,n,n
0,n,k
0,n,n
0,n,n
0,n,k
0,n,k
0,n,k
0,n,n
0,n,n
0,n,k
0,n,k
0,n,k
0,n,n
0,n,n
0,n,k
0,n,k
0,n,k
0,n,n
0,n,n
0,n,k
0,n,n
0,n,n
0,n,k
0,n,n
0,n,n
0,n,n
0,n,n
0,n,k
0,n,k
0,n,k
0,n,k
0,n,n
0,n,k
0,n,n
0,n,n
0,n,k
0,n,n
0,n,n
0,n,k
0,n,k
0,n,n
0,n,k
0,n,n
0,n,n
0,n,k
0,n,k
0,n,k
0,n,k
0,n,n
0,n,k
0,n,n
0,n,n
0,n,n
0,n,n
0,n,n
0,n,n
0,n,n
0,n,n
0,n,n
0,n,k
0,n,k
0,n,k
0,n,k
0,n,k
0,n,k
0,n,n
0,n,n
0,n,n
0,n,k
0,n,k
0,n,n
0,n,k
0,n,k
0,n,k
0,n,k
0,n,n
0,n,n
0,n,n
0,n,k
0,n,n
0,n,n
0,n,k
0,n,k
0,n,n
0,n,k
0,n,k
0,n,n
0,n,k
0,n,k
0,n,n
0,n,n
0,n,n
0,n,k
0,n,k
0,n,n
0,n,n
0,n,k
0,n,n
0,n,n
0,n,n
0,n,k
0,n,n
0,n,k
0,n,n
0,n,n
0,n,n
0,n,k
0,n,k
0,n,n
0,n,n
0,n,k
0,n,n
0,n,k
0,n,k
0,n,k
0,n,k
0,n,k
0,n,k
0,n,k
0,n,n
0,n,n
0,n,n
0,n,k
0,n,n
0,n,n
0,n,k
0,n,n
0,n,n
0,n,n
0,n,k
0,n,n
0,n,k
0,n,n
0,n,k
0,n,k
0,n,k
0,n,n
0,n,n
0,n,k
0,n,k
0,n,n
0,n,n
0,n,n
0,n,k
0,n,n
0,n,k
0,n,n
0,n,k
0,n,k
0,n,k
0,n,k
0,n,n
0,n,k
0,n,n
0,n,n
0,n,n
0,n,k
0,n,k
0,n,n
0,n,n
0,n,n
0,n,k
0,n,k
0,n,k
0,n,k
0,n,n
0,n,k
0,n,k
0,n,k
0,n,k
0,n,k
0,n,n
0,n,k
0,n,k
0,n,k
0,n,k
0,n,k
0,n,k
0,n,k
0,n,n
0,n,k
0,n,n
0,n,n
0,n,k
0,n,n
0,n,k
0,n,k
0,n,n
0,n,k
0,n,k
0,n,k
0,n,k
0,n,n
0,n,n
0,n,n
0,n,n
0,n,n
0,n,k
0,n,k
0,n,k
0,n,n
0,n,k
0,n,n
0,n,n
0,n,k
0,n,n
0,n,n
0,n,n
0,n,n
0,n,k
0,n,k
0,n,k
0,n,n
0,n,n
0,n,n
0,n,k
0,n,k
0,n,k
0,n,k
0,n,n
0,n,k
0,n,n
0,n,n
0,n,n
0,n,n
0,n,n
0,n,n
0,n,k
0,n,n
0,n,k
0,n,k
0,n,n
0,n,n
0,n,k
0,n,k
0,n,n
0,n,k
0,n,n
0,n,n
0,n,k
0,n,k
0,n,k
0,n,n
0,n,n
0,n,n
0,n,n
0,n,k
0,n,n
0,n,n
0,n,k
0,n,k
0,n,k
0,n,n
0,n,n
0,n,k
0,n,n
0,n,k
0,n,k
0,n,n
0,n,k
0,n,k
0,n,k
0,n,n
0,n,k
0,n,k
0,n,n
0,n,k
0,n,n
0,n,n
0,n,n
0,n,n
0,n,n
0,n,n
0,n,k
0,n,n
0,n,n
0,n,k
0,n,n
0,n,k
0,n,k
0,n,k
0,n,k
0,n,k
0,n,k
0,n,n
0,n,k
0,n,k
0,n,n
0,n,k
0,n,k
0,n,k
0,n,k
0,n,k
0,n,n
0,n,k
0,n,k
0,n,k
0,n,n
0,n,n
0,n,n
0,n,n
0,n,k
0,n,n
0,n,k
0,n,n
0,n,k
0,n,k
0,n,n
0,n,k
0,n,k
0,n,n
0,n,k
0,n,k
0,n,k
0,n,k
0,n,n
0,n,k
0,n,n
0,n,n
0,n,n
0,n,n
0,n,k
0,n,k
0,n,k
0,n,n
0,n,k
0,n,k
0,n,n
0,n,k
0,n,n
0,n,k
0,n,k
0,n,k
0,n,n
0,n,n
0,n,k
0,n,n
0,n,n
0,n,k
0,n,n
0,n,k
0,n,k
0,n,n
0,n,n
0,n,n
0,n,n
0,n,n
0,n,k
0,n,n
0,n,k
0,n,n
0,n,n
0,n,k
0,n,n
0,n,n
0,n,k
0,n,n
0,n,n
0,n,k
0,n,n
0,n,n
0,n,k
0,n,n
0,n,n
0,n,k
0,n,n
0,n,k
0,n,k
0,n,k
0,n,k
0,n,k
0,n,k
0,n,n
0,n,k
0,n,n
0,n,n
0,n,k
0,n,n
0,n,n
0,n,k
0,n,n
0,n,n
0,n,n
0,n,n
0,n,n
0,n,n
0,n,n
0,n,n
0,n,n
0,n,n
0,n,n
0,n,n
0,n,n
0,n,k
0,n,k
0,n,n
0,n,k
0,n,n
0,n,k
0,n,n
0,n,n
0,n,k
0,n,k
0,n,k
0,n,n
0,n,k
0,n,k
0,n,n
0,n,n
0,n,k
0,n,k
0,n,n
0,n,n
0,n,n
0,n,k
0,n,k
0,n,n
0,n,n
0,n,n
0,n,n
0,n,n
0,n,n
0,n,k
0,n,k
0,n,k
0,n,k
0,n,n
0,n,k
0,n,n
0,n,k
0,n,n
0,n,n
0,n,n
0,n,k
0,n,n
0,n,k
0,n,n
0,n,k
0,n,k
0,n,k
0,n,k
0,n,k
0,n,k
0,n,n
0,n,k
0,n,k
0,n,k
0,n,n
0,n,n
0,n,k
0,n,n
0,n,k
0,n,n
0,n,k
0,n,k
0,n,k
0,n,n
0,n,n
0,n,k
0,n,n
0,n,k
0,n,k
0,n,n
0,n,n
0,n,k
0,n,k
0,n,k
0,n,n
0,n,k
0,n,k
0,n,n
0,n,n
0,n,n
0,n,k
0,n,k
0,n,n
0,n,k
0,n,k
0,n,n
0,n,n
0,n,k
0,n,n
0,n,n
0,n,k
0,n,n
0,n,k
0,n,k
0,n,k
0,n,n
0,n,k
0,n,k
0,n,k
0,n,n
0,n,k
0,n,n
0,n,k
0,n,n
0,n,k
0,n,n
0,n,k
0,n,k
0,n,n
0,n,n
0,n,n
0,n,n
0,n,k
0,n,k
0,n,n
0,n,k
0,n,n
0,n,k
0,n,k
0,n,n
0,n,k
0,n,n
0,n,n
0,n,n
0,n,k
0,n,n
0,n,n
0,n,n
0,n,k
0,n,k
0,n,k
0,n,k
0,n,k
0,n,n
0,n,k
0,n,k
0,n,k
0,n,k
0,n,k
0,n,n
0,n,n
0,n,k
0,n,k
0,n,n
0,n,n
0,n,k
0,n,n
0,n,n
0,n,n
0,n,n
0,n,k
0,n,n
0,n,k
0,n,k
0,n,n
0,n,n
0,n,n
0,n,k
0,n,k
0,n,n
0,n,n
0,n,n
0,n,n
0,n,n
0,n,k
0,n,k
0,n,n
0,n,k
0,n,n
0,n,k
0,n,n
0,n,k
0,n,k
0,n,k
0,n,n
0,n,k
0,n,k
0,n,k
0,n,n
0,n,k
0,n,k
0,n,k
0,n,n
0,n,n
0,n,n
0,n,k
0,n,n
0,n,k
0,n,k
0,n,n
0,n,n
0,n,n
0,n,n
0,n,k
0,n,k
0,n,n
0,n,n
0,n,k
0,n,k
0,n,k
0,n,k
0,n,k
0,n,k
0,n,k
0,n,n
0,n,n
0,n,k
0,n,n
0,n,n
0,n,k
0,n,n
0,n,k
0,n,n
0,n,n
0,n,k
0,n,k
0,n,k
0,n,k
0,n,n
0,n,n
0,n,k
0,n,k
0,n,k
0,n,n
0,n,n
0,n,n
0,n,k
0,n,n
0,n,k
0,n,k
0,n,n
0,n,n
0,n,n
0,n,n
0,n,k
0,n,k
0,n,n
0,n,k
0,n,k
0,n,n
0,n,n
0,n,n
0,n,n
0,n,k
0,n,k
0,n,k
0,n,n
0,n,k
0,n,n
0,n,k
0,n,n
0,n,k
0,n,n
0,n,k
0,n,n
0,n,n
0,n,n
0,n,n
0,n,n
0,n,k
0,n,n
0,n,k
0,n,n
0,n,k
0,n,n
0,n,k
0,n,n
0,n,k
0,n,k
0,n,k
0,n,n
0,n,n
0,n,n
0,n,k
0,n,k
0,n,k
0,n,n
0,n,k
0,n,k
0,n,k
0,n,k
0,n,k
0,n,n
0,n,n
0,n,n
0,n,k
0,n,k
0,n,n
0,n,k
0,n,n
0,n,n
0,n,k
0,n,n
0,n,n
0,n,n
0,n,k
0,n,n
0,n,k
0,n,k
0,n,k
0,n,k
0,n,k
0,n,k
0,n,k
0,n,k
0,n,n
0,n,n
0,n,n
0,n,k
0,n,n
0,n,k
0,n,k
0,n,k
0,n,n
0,n,n
0,n,k
0,n,k
0,n,n
0,n,n
0,n,k
0,n,n
0,n,n
0,n,k
0,n,k
0,n,k
0,n,k
0,n,n
0,n,n
0,n,k
0,n,n
0,n,k
0,n,n
0,n,n
0,n,n
0,n,k
0,n,k
0,n,n
0,n,k
0,n,n
0,n,k
0,n,k
0,n,k
0,n,n
0,n,k
0,n,n
0,n,n
0,n,n
0,n,k
0,n,k
0,n,k
0,n,k
0,n,k
0,n,k
0,n,k
0,n,k
0,n,n
0,n,k
0,n,k
0,n,k
0,n,k
0,n,n
0,n,k
0,n,k
0,n,n
0,n,n
0,n,n
0,n,n
0,n,n
0,n,k
0,n,n
0,n,n
0,n,k
0,n,n
0,n,n
0,n,k
0,n,n
0,n,n
0,n,k
0,n,n
0,n,k
0,n,k
0,n,n
0,n,n
0,n,k
0,n,k
0,n,k
0,n,n
0,n,k
0,n,n
0,n,k
0,n,n
0,n,k
0,n,n
0,n,k
0,n,n
0,n,k
0,n,n
0,n,n
0,n,n
0,n,n
0,n,k
0,n,k
0,n,k
0,n,n
0,n,k
0,n,k
0,n,k
0,n,n
0,n,n
0,n,k
0,n,k
0,n,k
0,n,n
0,n,n
0,n,k
0,n,k
0,n,n
0,n,n
0,n,k
0,n,n
0,n,k
0,n,k
0,n,n
0,n,n
0,n,n
0,n,n
0,n,k
0,n,k
0,n,k
0,n,k
0,n,n
0,n,k
0,n,k
0,n,n
0,n,n
0,n,n
0,n,k
0,n,n
0,n,k
0,n,k
0,n,n
0,n,n
0,n,n
0,n,k
0,n,k
0,n,k
0,n,n
0,n,n
0,n,n
0,n,n
0,n,n
0,n,n
0,n,n
0,n,n
0,n,n
0,n,k
0,n,n
0,n,k
0,n,n
0,n,n
0,n,k
0,n,n
0,n,n
0,n,k
0,n,n
0,n,k
0,n,n
0,n,k
0,n,k
0,n,k
0,n,k
0,n,n
0,n,k
0,n,k
0,n,k
0,n,k
0,n,n
0,n,k
0,n,n
0,n,n
0,n,k
0,n,k
0,n,k
0,n,k
0,n,k
0,n,n
0,n,k
0,n,n
0,n,n
0,n,n
0,n,k
0,n,k
0,n,k
0,n,k
0,n,k
0,n,k
0,n,n
0,n,n
0,n,n
0,n,n
0,n,n
0,n,n
0,n,n
0,n,k
0,n,n
0,n,k
0,n,k
0,n,n
0,n,n
0,n,k
0,n,k
0,n,k
0,n,n
0,n,n
0,n,k
0,n,n
0,n,k
0,n,n
0,n,k
0,n,k
0,n,n
0,n,k
0,n,n
0,n,n
0,n,n
0,n,n
0,n,k
0,n,n
0,n,k
0,n,n
0,n,n
0,n,k
0,n,n
0,n,n
0,n,n
0,n,n
0,n,n
0,n,k
0,n,n
0,n,n
0,n,k
0,n,k
0,n,k
0,n,n
0,n,n
0,n,k
0,n,k
0,n,n
0,n,k
0,n,n
0,n,k
0,n,k
0,n,k
0,n,n
0,n,n
0,n,k
0,n,n
0,n,n
0,n,k
0,n,n
0,n,k
0,n,n
0,n,k
0,n,k
0,n,n
0,n,k
0,n,k
0,n,n
0,n,k
0,n,k
0,n,k
0,n,n
0,n,k
0,n,n
0,n,k
0,n,k
0,n,n
0,n,k
0,n,n
0,n,n
0,n,k
0,n,n
0,n,k
0,n,k
0,n,n
0,n,n
0,n,n
0,n,n
0,n,n
0,n,k
0,n,n
0,n,n
0,n,n
0,n,n
0,n,n
0,n,n
0,n,n
0,n,k
0,n,n
0,n,n
0,n,k
0,n,k
0,n,k
0,n,n
0,n,k
0,n,n
0,n,n
0,n,n
0,n,n
0,n,n
0,n,n
0,n,n
0,n,n
0,n,k
0,n,k
0,n,n
0,n,k
0,n,n
0,n,k
0,n,n
0,n,n
0,n,k
0,n,k
0,n,n
0,n,k
0,n,n
0,n,k
0,n,n
0,n,n
0,n,n
0,n,n
0,n,k
0,n,n
0,n,k
0,n,k
0,n,k
0,n,k
0,n,n
0,n,n
0,n,k
0,n,n
0,n,k
0,n,k
0,n,k
0,n,k
0,n,n
0,n,n
0,n,k
0,n,k
0,n,k
0,n,n
0,n,n
0,n,k
0,n,k
0,n,n
0,n,n
0,n,n
0,n,n
0,n,n
0,n,n
0,n,k
0,n,n
0,n,k
0,n,k
0,n,k
0,n,n
0,n,k
0,n,n
0,n,k
0,n,n
0,n,n
0,n,k
0,n,k
0,n,n
0,n,n
0,n,n
0,n,n
0,n,n
0,n,n
0,n,n
0,n,k
0,n,k
0,n,n
0,n,k
0,n,k
0,n,n
0,n,n
0,n,n
0,n,k
0,n,k
0,n,n
0,n,k
0,n,n
0,n,n
0,n,k
0,n,n
0,n,k
0,n,k
0,n,n
0,n,k
0,n,n
0,n,n
0,n,n
0,n,k
0,n,k
0,n,k
0,n,k
0,n,k
0,n,k
0,n,n
0,n,k
0,n,k
0,n,n
0,n,k
0,n,k
0,n,n
0,n,k
0,n,k
0,n,n
0,n,n
0,n,n
0,n,n
0,n,k
0,n,k
0,n,k
0,n,n
0,n,k
0,n,k
0,n,k
0,n,n
0,n,n
0,n,k
0,n,k
0,n,n
0,n,n
0,n,n
0,n,n
0,n,k
0,n,k
0,n,n
0,n,k
0,n,n
0,n,n
0,n,n
0,n,k
0,n,n
0,n,n
0,n,k
0,n,k
0,n,n
0,n,k
0,n,n
0,n,n
0,n,k
0,n,k
0,n,n
0,n,k
0,n,k
0,n,n
0,n,k
0,n,n
0,n,k
0,n,k
0,n,n
0,n,n
0,n,n
0,n,k
0,n,n
0,n,k
0,n,n
0,n,n
0,n,k
0,n,k
0,n,n
0,n,n
0,n,n
0,n,n
0,n,n
0,n,k
0,n,k
0,n,n
0,n,k
0,n,k
0,n,k
0,n,n
0,n,k
0,n,n
0,n,n
0,n,k
0,n,k
0,n,k
0,n,k
0,n,n
0,n,k
0,n,n
0,n,n
0,n,n
0,n,k
0,n,n
0,n,n
0,n,k
0,n,k
0,n,k
0,n,n
0,n,k
0,n,k
0,n,k
0,n,n
0,n,k
0,n,n
0,n,k
0,n,n
0,n,n
0,n,n
0,n,k
0,n,n
0,n,k
0,n,n
0,n,k
0,n,k
0,n,n
0,n,n
0,n,k
0,n,k
0,n,n
0,n,n
0,n,k
0,n,n
0,n,n
0,n,k
0,n,k
0,n,k
0,n,k
0,n,k
0,n,n
0,n,k
0,n,k
0,n,k
0,n,k
0,n,n
0,n,k
0,n,n
0,n,n
0,n,k
0,n,k
0,n,k
0,n,k
0,n,k
0,n,n
0,n,n
0,n,n
0,n,n
0,n,n
0,n,n
0,n,n
0,n,n
0,n,k
0,n,n
0,n,n
0,n,n
0,n,k
0,n,n
0,n,n
0,n,n
0,n,n
0,n,k
0,n,k
0,n,k
0,n,n
0,n,k
0,n,k
0,n,n
0,n,k
0,n,n
0,n,n
0,n,k
0,n,k
0,n,k
0,n,k
0,n,k
0,n,k
0,n,n
0,n,k
0,n,k
0,n,k
0,n,n
0,n,k
0,n,n
0,n,n
0,n,k
0,n,k
0,n,n
0,n,k
0,n,k
0,n,k
0,n,k
0,n,k
0,n,n
0,n,k
0,n,k
0,n,n
0,n,n
0,n,k
0,n,k
0,n,k
0,n,n
0,n,k
0,n,k
0,n,n
0,n,n
0,n,k
0,n,k
0,n,k
0,n,k
0,n,k
0,n,n
0,n,n
0,n,n
0,n,k
0,n,n
0,n,k
0,n,n
0,n,n
0,n,k
0,n,n
0,n,k
0,n,n
0,n,k
0,n,k
0,n,k
0,n,n
0,n,n
0,n,k
0,n,n
0,n,n
0,n,n
0,n,n
0,n,k
0,n,k
0,n,n
0,n,k
0,n,n
0,n,n
0,n,k
0,n,n
0,n,n
0,n,n
0,n,k
0,n,k
0,n,n
0,n,k
0,n,k
0,n,k
0,n,n
0,n,k
0,n,n
0,n,k
0,n,k
0,n,n
0,n,n
0,n,n
0,n,k
0,n,k
0,n,k
0,n,n
0,n,n
0,n,k
0,n,n
0,n,k
0,n,k
0,n,k
0,n,k
0,n,n
0,n,k
0,n,n
0,n,k
0,n,k
0,n,k
0,n,k
0,n,n
0,n,k
0,n,n
0,n,n
0,n,n
0,n,k
0,n,k
0,n,n
0,n,k
0,n,k
0,n,k
0,n,k
0,n,n
0,n,k
0,n,n
0,n,n
0,n,n
0,n,n
0,n,n
0,n,k
0,n,n
0,n,k
0,n,n
0,n,k
0,n,n
0,n,k
0,n,k
0,n,n
0,n,k
0,n,n
0,n,n
0,n,n
0,n,n
0,n,k
0,n,k
0,n,k
0,n,n
0,n,n
0,n,k
0,n,n
0,n,k
0,n,k
0,n,k
0,n,n
0,n,n
0,n,k
0,n,n
0,n,k
0,n,k
0,n,n
0,n,k
0,n,n
0,n,k
0,n,k
0,n,n
0,n,n
0,n,k
0,n,k
0,n,k
0,n,k
0,n,k
0,n,k
0,n,k
0,n,n
0,n,n
0,n,k
0,n,n
0,n,n
0,n,n
0,n,k
0,n,k
0,n,k
0,n,k
0,n,n
0,n,k
0,n,k
0,n,n
0,n,n
0,n,n
0,n,n
0,n,k
0,n,k
0,n,n
0,n,n
0,n,k
0,n,k
0,n,k
0,n,n
0,n,k
0,n,n
0,n,n
0,n,k
0,n,k
0,n,k
0,n,n
0,n,k
0,n,k
0,n,k
0,n,k
0,n,n
0,n,n
0,n,k
0,n,n
0,n,n
0,n,n
0,n,k
0,n,n
0,n,n
0,n,k
0,n,n
0,n,k
0,n,n
0,n,k
0,n,n
0,n,n
0,n,n
0,n,k
0,n,k
0,n,k
0,n,k
0,n,k
0,n,n
0,n,n
0,n,n
0,n,k
0,n,n
0,n,k
0,n,n
0,n,n
0,n,n
0,n,k
0,n,k
0,n,n
0,n,n
0,n,n
0,n,k
0,n,n
0,n,n
0,n,n
0,n,k
0,n,n
0,n,n
0,n,n
0,n,n
0,n,n
0,n,k
0,n,n
0,n,n
0,n,n
0,n,n
0,n,n
0,n,n
0,n,n
0,n,n
0,n,k
0,n,k
0,n,n
0,n,k
0,n,k
0,n,n
0,n,n
0,n,k
0,n,k
0,n,n
0,n,k
0,n,n
0,n,k
0,n,n
0,n,k
0,n,k
0,n,k
0,n,k
0,n,k
0,n,k
0,n,n
0,n,n
0,n,n
0,n,n
0,n,k
0,n,k
0,n,k
0,n,n
0,n,k
0,n,n
0,n,n
0,n,n
0,n,n
0,n,n
0,n,n
0,n,k
0,n,k
0,n,k
0,n,n
0,n,n
0,n,k
0,n,n
0,n,n
0,n,k
0,n,k
0,n,n
0,n,n
0,n,n
0,n,k
0,n,k
0,n,n
0,n,k
0,n,n
0,n,k
0,n,n
0,n,n
0,n,k
0,n,n
0,n,k
0,n,n
0,n,k
0,n,k
0,n,n
0,n,k
0,n,k
0,n,n
0,n,k
0,n,k
0,n,k
0,n,k
0,n,n
0,n,n
0,n,k
0,n,n
0,n,k
0,n,n
0,n,n
0,n,k
0,n,k
0,n,n
0,n,n
0,n,n
0,n,n
0,n,k
0,n,k
0,n,n
0,n,n
0,n,k
0,n,n
0,n,k
0,n,n
0,n,n
0,n,k
0,n,k
0,n,n
0,n,k
0,n,k
0,n,k
0,n,k
0,n,n
0,n,n
0,n,k
0,n,k
0,n,n
0,n,n
0,n,k
0,n,k
0,n,n
0,n,n
0,n,n
0,n,k
0,n,k
0,n,n
0,n,n
0,n,k
0,n,n
0,n,k
0,n,n
0,n,k
0,n,k
0,n,k
0,n,n
0,n,n
0,n,n
0,n,n
0,n,k
0,n,n
0,n,n
0,n,n
0,n,k
0,n,k
0,n,n
0,n,n
0,n,k
0,n,n
0,n,k
0,n,k
0,n,n
0,n,k
0,n,k
0,n,k
0,n,k
0,n,n
0,n,n
0,n,k
0,n,k
0,n,n
0,n,k
0,n,n
0,n,k
0,n,n
0,n,n
0,n,k
0,n,n
0,n,k
0,n,n
0,n,n
0,n,n
0,n,n
0,n,n
0,n,k
0,n,k
0,n,k
0,n,n
0,n,n
0,n,k
0,n,n
0,n,n
0,n,n
0,n,n
0,n,n
0,n,k
0,n,k
0,n,n
0,n,n
0,n,k
0,n,n
0,n,n
0,n,k
0,n,k
0,n,n
0,n,k
0,n,k
0,n,n
0,n,n
0,n,k
0,n,k
0,n,n
0,n,k
0,n,k
0,n,n
0,n,n
0,n,n
0,n,k
0,n,k
0,n,k
0,n,n
0,n,n
0,n,n
0,n,k
0,n,k
0,n,k
0,n,n
0,n,n
0,n,k
0,n,n
0,n,n
0,n,n
0,n,n
0,n,n
0,n,n
0,n,k
0,n,k
0,n,n
0,n,k
0,n,k
0,n,k
0,n,k
0,n,k
0,n,n
0,n,n
0,n,n
0,n,k
0,n,k
0,n,n
0,n,n
0,n,k
0,n,n
0,n,n
0,n,k
0,n,n
0,n,n
0,n,n
0,n,n
0,n,k
0,n,k
0,n,n
0,n,k
0,n,k
0,n,k
0,n,k
0,n,k
0,n,k
0,n,k
0,n,k
0,n,k
0,n,k
0,n,k
0,n,k
0,n,n
0,n,k
0,n,n
0,n,n
0,n,n
0,n,n
0,n,k
0,n,k
0,n,k
0,n,k
0,n,n
0,n,n
0,n,n
0,n,n
0,n,k
0,n,k
0,n,n
0,n,n
0,n,k
0,n,k
0,n,n
0,n,k
0,n,n
0,n,k
0,n,k
0,n,k
0,n,n
0,n,k
0,n,n
0,n,n
0,n,n
0,n,k
0,n,k
0,n,k
0,n,k
0,n,k
0,n,n
0,n,n
0,n,k
0,n,n
0,n,n
0,n,n
0,n,n
0,n,k
0,n,n
0,n,k
0,n,k
0,n,n
0,n,n
0,n,k
0,n,n
0,n,k
0,n,n
0,n,n
0,n,n
0,n,k
0,n,k
0,n,n
0,n,k
0,n,k
0,n,n
0,n,n
0,n,n
0,n,k
0,n,n
0,n,n
0,n,k
0,n,n
0,n,n
0,n,k
0,n,k
0,n,k
0,n,n
0,n,n
0,n,k
0,n,k
0,n,n
0,n,k
0,n,n
0,n,n
0,n,n
0,n,n
0,n,n
0,n,k
0,n,k
0,n,k
0,n,k
0,n,n
0,n,k
0,n,k
0,n,n
0,n,n
0,n,k
0,n,k
0,n,k
0,n,k
0,n,k
0,n,n
0,n,k
0,n,n
0,n,n
0,n,n
0,n,k
0,n,k
0,n,n
0,n,k
0,n,n
0,n,n
0,n,k
0,n,n
0,n,k
0,n,k
0,n,k
0,n,n
0,n,n
0,n,n
0,n,k
0,n,n
0,n,k
0,n,k
0,n,n
0,n,k
0,n,n
0,n,n
0,n,n
0,n,k
0,n,k
0,n,k
0,n,k
0,n,n
0,n,n
0,n,k
0,n,k
0,n,k
0,n,k
0,n,k
0,n,n
0,n,n
0,n,n
0,n,k
0,n,k
0,n,n
0,n,n
0,n,k
0,n,k
0,n,k
0,n,k
0,n,k
0,n,n
0,n,n
0,n,k
0,n,k
0,n,n
0,n,n
0,n,n
0,n,k
0,n,k
0,n,n
0,n,n
0,n,n
0,n,k
0,n,n
0,n,n
0,n,k
0,n,k
0,n,k
0,n,k
0,n,k
0,n,k
0,n,k
0,n,n
0,n,k
0,n,n
0,n,k
0,n,k
0,n,k
0,n,k
0,n,n
0,n,k
0,n,n
0,n,k
0,n,n
0,n,n
0,n,n
0,n,k
0,n,n
0,n,k
0,n,n
0,n,k
0,n,k
0,n,k
0,n,n
0,n,n
0,n,k
0,n,k
0,n,k
0,n,n
0,n,n
0,n,k
0,n,k
0,n,k
0,n,n
0,n,n
0,n,k
0,n,k
0,n,k
0,n,k
0,n,k
0,n,k
0,n,n
0,n,n
0,n,k
0,n,n
0,n,n
0,n,k
0,n,k
0,n,k
0,n,n
0,n,n
0,n,n
0,n,k
0,n,k
0,n,k
0,n,n
0,n,k
0,n,n
0,n,k
0,n,k
0,n,n
0,n,n
0,n,n
0,n,k
0,n,n
0,n,k
0,n,k
0,n,k
0,n,n
0,n,n
0,n,k
0,n,n
0,n,k
0,n,n
0,n,n
0,n,n
0,n,n
0,n,n
0,n,k
0,n,n
0,n,n
0,n,k
0,n,k
0,n,n
0,n,k
0,n,n
0,n,n
0,n,k
0,n,k
0,n,k
0,n,k
0,n,n
0,n,n
0,n,k
0,n,n
0,n,k
0,n,k
0,n,n
0,n,n
0,n,k
0,n,k
0,n,k
0,n,n
0,n,n
0,n,n
0,n,k
0,n,k
0,n,n
0,n,k
0,n,n
0,n,n
0,n,k
0,n,n
0,n,n
0,n,n
0,n,n
0,n,k
0,n,k
0,n,n
0,n,n
0,n,k
0,n,k
0,n,k
0,n,n
0,n,n
0,n,n
0,n,n
0,n,n
0,n,n
0,n,k
0,n,n
0,n,n
0,n,n
0,n,n
0,n,k
0,n,n
0,n,n
0,n,n
0,n,k
0,n,k
0,n,n
0,n,k
0,n,n
0,n,n
0,n,k
0,n,k
0,n,n
0,n,k
0,n,k
0,n,k
0,n,n
0,n,k
0,n,k
0,n,k
0,n,n
0,n,k
0,n,n
0,n,k
0,n,n
0,n,k
0,n,n
0,n,k
0,n,n
0,n,n
0,n,n
0,n,n
0,n,k
0,n,n
0,n,k
0,n,k
0,n,k
0,n,n
0,n,k
0,n,n
0,n,n
0,n,k
0,n,k
0,n,n
0,n,k
0,n,n
0,n,k
0,n,k
0,n,n
0,n,n
0,n,n
0,n,k
0,n,n
0,n,n
0,n,n
0,n,k
0,n,n
0,n,k
0,n,n
0,n,k
0,n,n
0,n,k
0,n,n
0,n,n
0,n,n
0,n,k
0,n,k
0,n,n
0,n,k
0,n,k
0,n,k
0,n,n
0,n,n
0,n,k
0,n,n
0,n,k
0,n,k
0,n,n
0,n,n
0,n,k
0,n,k
0,n,n
0,n,n
0,n,n
0,n,k
0,n,k
0,n,k
0,n,k
0,n,k
0,n,k
0,n,k
0,n,k
0,n,k
0,n,n
0,n,n
0,n,n
0,n,n
0,n,k
0,n,k
0,n,k
0,n,k
0,n,n
0,n,n
0,n,k
0,n,k
0,n,k
0,n,k
0,n,k
0,n,k
0,n,k
0,n,n
0,n,n
0,n,k
0,n,n
0,n,k
0,n,n
0,n,n
0,n,k
0,n,k
0,n,n
0,n,k
0,n,k
0,n,k
0,n,k
0,n,n
0,n,n
0,n,k
0,n,k
0,n,k
0,n,k
0,n,k
0,n,n
0,n,n
0,n,n
0,n,n
0,n,k
0,n,k
0,n,k
0,n,n
0,n,k
0,n,k
0,n,k
0,n,n
0,n,n
0,n,n
0,n,n
0,n,k
0,n,k
0,n,k
0,n,n
0,n,k
0,n,k
0,n,n
0,n,n
0,n,n
0,n,k
0,n,k
0,n,k
0,n,k
0,n,n
0,n,n
0,n,n
0,n,n
0,n,n
0,n,k
0,n,n
0,n,n
0,n,k
0,n,n
0,n,k
0,n,n
0,n,n
0,n,n
0,n,k
0,n,n
0,n,k
0,n,k
0,n,k
0,n,n
0,n,n
0,n,n
0,n,k
0,n,k
0,n,n
0,n,k
0,n,k
0,n,k
0,n,k
0,n,k
0,n,k
0,n,k
0,n,k
0,n,n
0,n,k
0,n,k
0,n,n
0,n,k
0,n,k
0,n,n
0,n,k
0,n,n
0,n,n
0,n,n
0,n,k
0,n,k
0,n,n
0,n,k
0,n,n
0,n,n
0,n,n
0,n,n
0,n,k
0,n,k
0,n,k
0,n,k
0,n,n
0,n,n
0,n,k
0,n,n
0,n,n
0,n,n
0,n,k
0,n,k
0,n,k
0,n,n
0,n,n
0,n,n
0,n,n
0,n,k
0,n,k
0,n,n
0,n,n
0,n,n
0,n,k
0,n,k
0,n,k
0,n,k
0,n,k
0,n,n
0,n,k
0,n,n
0,n,n
0,n,n
0,n,n
0,n,n
0,n,n
0,n,n
0,n,n
0,n,k
0,n,n
0,n,k
0,n,n
0,n,k
0,n,k
0,n,k
0,n,k
0,n,n
0,n,k
0,n,n
0,n,k
0,n,n
0,n,n
0,n,k
0,n,n
0,n,k
0,n,n
0,n,n
0,n,n
0,n,k
0,n,k
0,n,n
0,n,n
0,n,n
0,n,n
0,n,n
0,n,k
0,n,n
0,n,n
0,n,n
0,n,k
0,n,n
0,n,k
0,n,k
0,n,n
0,n,n
0,n,n
0,n,k
0,n,k
0,n,k
0,n,n
0,n,n
0,n,n
0,n,k
0,n,n
0,n,n
0,n,n
0,n,k
0,n,k
0,n,n
0,n,k
0,n,n
0,n,k
0,n,n
0,n,n
0,n,n
0,n,n
0,n,k
0,n,n
0,n,n
0,n,k
0,n,n
0,n,k
0,n,n
0,n,n
0,n,k
0,n,n
0,n,k
0,n,k
0,n,k
0,n,k
0,n,n
0,n,k
0,n,n
0,n,k
0,n,n
0,n,k
0,n,k
0,n,n
0,n,k
0,n,n
0,n,n
0,n,k
0,n,k
0,n,k
0,n,n
0,n,n
0,n,k
0,n,n
0,n,n
0,n,n
0,n,k
0,n,n
0,n,k
0,n,k
0,n,k
0,n,n
0,n,n
0,n,k
0,n,n
0,n,k
0,n,n
0,n,k
0,n,n
0,n,n
0,n,n
0,n,k
0,n,k
0,n,n
0,n,k
0,n,k
0,n,k
0,n,k
0,n,n
0,n,k
0,n,n
0,n,n
0,n,k
0,n,k
0,n,k
0,n,n
0,n,k
0,n,k
0,n,n
0,n,k
0,n,k
0,n,n
0,n,n
0,n,k
0,n,k
0,n,k
0,n,n
0,n,n
0,n,k
0,n,k
0,n,k
0,n,n
0,n,n
0,n,n
0,n,n
0,n,k
0,n,n
0,n,k
0,n,n
0,n,w
0,n,n
0,n,k
0,n,k
0,n,k
0,n,k
0,n,n
0,n,k
0,n,k
0,n,n
0,n,k
0,n,n
0,n,n
0,n,k
0,n,k
0,n,n
0,n,k
0,n,k
0,n,n
0,n,n
0,n,k
0,n,n
0,n,n
0,n,n
0,n,h
0,n,n
0,n,n
0,n,n
0,n,n
0,n,k
0,n,k
0,n,n
0,n,n
0,n,n
1,n,r
0,n,k
0,n,k
0,n,n
0,n,k
0,n,k
0,n,k
0,n,k
0,n,k
0,n,k
0,n,n
0,n,k
0,n,n
0,n,n
0,n,n
0,n,n
0,n,k
0,n,n
0,n,w
0,n,k
0,n,k
0,n,k
0,n,n
0,n,n
0,n,n
0,n,n
0,n,n
0,n,n
0,n,w
0,n,w
0,n,w
0,n,n
0,n,h
1,n,w
0,n,k
0,n,w
1,n,w
0,n,n
0,n,k
0,n,w
0,n,h
0,n,n
0,n,k
0,n,w
0,n,k
0,n,k
0,n,n
0,n,w
0,n,k
0,n,w
1,n,w
0,n,w
0,n,w
0,n,h
0,n,w
1,n,r
0,n,n
0,n,h
0,n,n
0,n,w
0,n,k
0,n,k
0,n,h
0,n,n
0,n,w
0,n,h
0,n,w
0,n,n
1,n,r
0,n,h
0,n,n
0,n,n
0,n,k
0,n,w
0,n,n
0,n,n
0,n,n
0,n,w
0,n,w
1,n,w
0,n,w
1,n,w
0,n,w
0,n,w
1,n,r
0,n,n
1,n,r
0,n,w
0,n,w
0,n,w
0,n,w
0,n,w
0,n,n
0,n,w
0,n,k
0,n,n
1,n,r
0,n,w
0,n,h
0,n,h
0,n,w
0,n,n
0,n,w
0,n,w
0,n,w
0,n,w
0,n,w
1,n,w
0,n,w
0,n,w
0,n,w
0,n,w
1,n,r
0,n,h
0,n,w
0,n,w
1,n,w
1,n,r
0,n,h
0,n,w
0,n,w
0,n,h
0,n,w
0,n,w
0,n,h
0,n,w
0,n,n
1,n,w
0,n,w
1,n,r
0,n,w
0,n,w
1,n,w
0,n,w
0,n,w
0,n,w
0,n,w
1,n,w
1,n,w
1,n,w
0,n,w
0,n,w
1,n,r
1,n,r
0,n,w
0,n,w
0,n,w
0,n,w
1,n,r
1,n,w
1,n,w
0,n,w
0,n,w
1,n,w
0,n,w
0,n,w
0,n,w
1,n,r
0,n,w
0,n,w
0,n,w
0,n,h
1,n,r
0,n,w
0,n,w
1,n,w
0,n,w
0,n,w
1,n,r
0,n,w
0,n,w
0,n,w
0,n,w
1,n,w
0,n,w
0,n,w
0,n,w
1,n,w
0,n,w
1,n,w
1,n,w
0,n,w
1,n,r
0,n,w
1,n,r
0,n,w
1,n,w
1,n,w
0,n,w
0,n,w
0,n,w
0,n,w
1,n,w
1,n,r
0,n,w
1,n,w
0,n,h
0,n,h
0,n,w
0,n,w
0,n,w
0,n,w
0,n,h
0,n,w
0,n,w
0,n,w
1,n,w
0,n,w
0,n,w
1,n,r
0,n,w
0,n,h
1,n,w
0,n,w
1,n,r
0,n,w
1,n,r
1,n,w
0,n,w
0,n,w
0,n,h
1,n,w
0,n,w
1,n,r
0,n,w
1,n,r
0,n,w
0,n,w
0,n,w
0,n,w
0,n,w
0,n,w
0,n,w
0,n,w
0,n,w
1,n,w
1,n,w
0,n,w
1,n,r
0,n,w
0,n,w
0,n,w
0,n,w
0,n,w
0,n,w
1,n,r
0,n,h
0,n,w
0,n,h
1,n,r
0,n,w
0,n,w
1,n,r
0,n,w
1,n,r
1,n,r
0,n,w
0,n,w
0,n,w
0,n,w
1,n,r
1,n,r
0,n,h
0,n,w
0,n,w
0,n,w
1,n,w
0,n,w
0,n,h
0,n,w
0,n,w
1,n,r
0,n,h
0,n,w
0,n,w
0,n,w
0,n,w
0,n,w
0,n,w
0,n,w
0,n,w
1,n,r
0,n,h
0,n,h
0,n,w
0,n,w
0,n,w
0,n,w
1,n,r
0,n,w
0,n,w
1,n,r
1,n,r
0,n,w
0,n,w
0,n,h
1,n,r
0,n,w
1,n,r
0,n,w
0,n,w
0,n,h
0,n,w
0,n,w
1,n,r
0,n,w
1,n,r
0,n,w
1,n,r
0,n,w
0,n,w
0,n,w
0,n,w
0,n,w
0,n,w
0,n,w
1,n,r
1,n,r
0,n,w
0,n,w
1,n,w
0,n,w
0,n,w
0,n,w
0,n,w
1,n,w
0,n,w
0,n,w
0,n,w
0,n,w
0,n,h
0,n,w
1,n,w
0,n,h
0,n,w
0,n,w
0,n,w
0,n,w
0,n,w
0,n,w
0,n,w
0,n,w
1,n,r
0,n,w
0,n,w
0,n,h
0,n,w
1,n,w
0,n,w
0,n,w
1,n,r
0,n,w
0,n,w
0,n,w
0,n,h
0,n,w
0,n,w
1,n,r
0,n,w
0,n,w
1,n,r
0,n,w
1,n,r
1,n,r
0,n,w
0,n,w
1,n,r
0,n,h
0,n,h
0,n,w
0,n,h
1,n,r
0,n,w
0,n,h
0,n,h
0,n,w
1,n,r
1,n,w
0,n,w
1,n,r
1,n,r
1,n,r
0,n,w
1,n,w
0,n,w
0,n,w
0,n,w
0,n,w
0,n,w
0,n,w
0,n,w
0,n,w
1,n,r
0,n,h
0,n,h
0,n,h
1,n,r
0,n,h
0,n,w
1,n,r
1,n,r
0,n,w
0,n,w
0,n,w
1,n,r
0,n,w
0,n,w
1,n,r
0,n,w
0,n,h
1,n,r
0,n,w
0,n,w
0,n,w
0,n,w
0,n,h
0,n,w
1,n,r
0,n,w
0,n,w
0,n,w
0,n,w
0,n,w
0,n,w
0,n,w
1,n,r
1,n,r
0,n,w
1,n,w
0,n,w
0,n,w
0,n,w
1,n,r
1,n,r
1,n,r
0,n,h
0,n,w
0,n,w
1,n,w
0,n,w
0,n,w
1,n,r
1,n,w
0,n,h
1,n,r
0,n,w
0,n,w
0,n,h
1,n,r
1,n,r
0,n,w
0,n,h
0,n,n
0,n,n
0,n,w
0,n,w
0,n,w
0,n,w
0,n,w
0,n,w
0,n,w
0,n,w
0,n,w
0,n,w
0,n,w
0,n,w
0,n,o
0,n,w
0,n,w
0,n,w
0,n,y
0,n,o
0,n,w
0,n,w
0,n,w
0,n,w
0,n,b
0,n,w
0,n,w
0,n,y
0,n,w
0,n,w
0,n,w
0,n,o
0,n,w
0,n,w
0,n,o
0,n,w
0,n,w
0,n,y
0,n,w
0,n,y
0,n,w
0,n,w
0,n,o
1,n,w
0,n,w
0,n,w
0,n,w
0,n,n
0,n,w
0,n,w
0,n,w
0,n,w
0,n,w
0,n,w
0,n,w
0,n,w
0,n,w
0,n,w
0,n,w
0,n,n
0,n,w
0,n,o
0,n,w
0,n,w
0,n,o
0,n,w
0,n,w
0,n,w
0,n,w
0,n,w
0,n,w
0,n,w
0,n,w
0,n,w
0,n,w
0,n,w
0,n,b
0,n,n
0,n,w
0,n,n
0,n,w
0,n,o
0,n,b
0,n,w
0,n,w
0,n,n
0,n,w
0,n,w
0,n,y
0,n,o
0,n,w
0,n,w
0,n,w
0,n,n
0,n,w
0,n,w
0,n,n
0,n,w
0,n,w
0,n,w
0,n,w
0,n,w
0,n,w
0,n,y
0,n,b
0,n,w
0,n,n
0,n,w
0,n,w
0,n,w
0,n,w
0,n,w
0,n,w
0,n,w
0,n,w
0,n,y
0,n,b
0,n,w
0,n,n
0,n,w
0,n,w
0,n,y
0,n,w
0,n,w
0,n,w
0,n,w
0,n,y
0,n,w
0,n,w
0,n,w
0,n,w
0,n,y
0,n,w
0,n,w
0,n,y
0,n,w
0,n,w
0,n,b
0,n,w
0,n,y
0,n,w
0,n,o
0,n,y
0,n,w
0,n,o
0,n,n
0,n,o
0,n,w
0,n,w
0,n,w
0,n,w
0,n,w
0,n,w
0,n,w
0,n,w
0,n,w
0,n,w
0,n,w
0,n,n
0,n,w
0,n,b
0,n,w
0,n,w
1,n,w
0,n,n
0,n,w
0,n,w
0,n,w
0,n,o
0,n,w
0,n,w
0,n,w
0,n,w
0,n,w
0,n,y
0,n,y
0,n,w
0,n,w
0,n,w
0,n,w
0,n,w
0,n,w
0,n,w
0,n,w
0,n,y
0,n,w
0,n,w
0,n,w
0,n,w
0,n,w
0,n,w
0,n,o
1,n,w
0,n,w
0,n,w
0,n,w
0,n,b
0,n,b
0,n,w
0,n,w
0,n,w
0,n,y
0,n,w
0,n,w
0,n,w
0,n,w
1,n,w
0,n,w
0,n,y
0,n,n
0,n,w
0,n,n
0,n,n
0,n,w
0,n,w
0,n,w
0,n,w
0,n,b
0,n,o
0,n,w
0,n,o
0,n,w
0,n,o
0,n,w
0,n,w
0,n,w
0,n,b
0,n,w
0,n,w
0,n,b
0,n,y
0,n,w
0,n,w
0,n,o
0,n,w
0,n,w
0,n,w
1,n,w
0,n,w
0,n,y
0,n,w
0,n,w
0,n,w
0,n,o
0,n,w
0,n,w
0,n,o
0,n,b
0,n,n
0,n,w
0,n,n
0,n,w
0,n,w
0,n,b
0,n,w
0,n,w
0,n,w
0,n,w
0,n,y
0,n,w
0,n,w
0,n,w
0,n,b
0,n,n
0,n,w
0,n,w
0,n,w
0,n,b
0,n,y
0,n,w
0,n,w
0,n,b
0,n,w
0,n,w
0,n,w
0,n,w
0,n,w
0,n,w
0,n,w
0,n,w
0,n,w
0,n,w
0,n,w
0,n,w
1,n,w
0,n,w
0,n,w
0,n,w
0,n,w
0,n,n
0,n,w
0,n,o
0,n,w
0,n,w
0,n,w
0,n,b
0,n,b
0,n,w
0,n,w
0,n,y
0,n,w
0,n,w
0,n,w
0,n,w
0,n,w
0,n,w
0,n,w
0,n,w
0,n,b
0,n,o
0,n,w
0,n,w
0,n,y
0,n,n
0,n,w
0,n,w
0,n,n
0,n,w
0,n,w
0,n,w
0,n,w
0,n,o
0,n,n
0,n,n
0,n,w
0,n,n
0,n,b
0,n,w
0,n,w
0,n,w
1,n,w
0,n,o
0,n,w
0,n,b
0,n,w
0,n,w
0,n,w
0,n,y
0,n,w
0,n,w
0,n,b
0,n,w
0,n,y
1,n,w
0,n,w
0,n,y
0,n,w
0,n,w
0,n,b
0,n,w
0,n,w
0,n,w
0,n,w
0,n,w
0,n,w
0,n,n
0,n,w
0,n,y
0,n,w
0,n,n
0,n,w
0,n,w
0,n,w
0,n,w
0,n,w
0,n,o
0,n,w
0,n,y
0,n,w
0,n,b
0,n,w
0,n,w
0,n,w
0,n,b
0,n,w
0,n,w
0,n,y
0,n,o
0,n,w
0,n,w
0,n,w
0,n,w
0,n,b
0,n,y
0,n,n
0,n,w
0,n,y
0,n,b
0,n,n
0,n,n
0,n,w
0,n,b
0,n,w
0,n,w
0,n,b
0,n,b
0,n,w
0,n,w
0,n,w
0,n,o
0,n,w
0,n,b
0,n,w
0,n,w
0,n,b
0,n,w
0,n,n
0,n,w
0,n,b
0,n,w
0,n,w
0,n,n
0,n,w
0,n,w
0,n,w
0,n,w
0,n,w
0,n,n
0,n,w
0,n,w
0,n,o
0,n,w
0,n,o
0,n,o
0,n,w
0,n,w
0,n,w
0,n,w
0,n,y
0,n,o
0,n,w
0,n,w
0,n,w
0,n,o
0,n,w
0,n,o
0,n,w
0,n,y
0,n,o
0,n,w
0,n,w
0,n,n
0,n,w
0,n,w
0,n,o
0,n,o
0,n,w
0,n,w
0,n,y
0,n,w
0,n,w
0,n,y
0,n,n
0,n,w
0,n,w
0,n,w
0,n,w
0,n,o
0,n,o
0,n,w
0,n,w
0,n,y
0,n,w
0,n,b
0,n,w
0,n,w
0,n,o
0,n,y
0,n,n
0,n,n
0,n,w
0,n,w
0,n,o
0,n,n
0,n,y
0,n,y
0,n,b
0,n,w
0,n,w
0,n,w
0,n,w
0,n,w
0,n,y
0,n,n
0,n,w
0,n,w
0,n,b
0,n,w
0,n,b
0,n,w
0,n,y
0,n,b
0,n,b
0,n,y
0,n,w
0,n,w
0,n,o
0,n,n
0,n,w
0,n,y
0,n,o
0,n,w
0,n,b
0,n,b
0,n,b
0,n,n
0,n,y
0,n,y
0,n,w
0,n,o
0,n,y
0,n,o
0,n,w
0,n,w
0,n,w
0,n,o
0,n,n
0,n,w
0,n,w
0,n,w
0,n,b
0,n,n
0,n,o
0,n,n
0,n,y
0,n,n
0,n,n
0,n,w
0,n,n
0,n,w
0,n,b
0,n,o
0,n,b
0,n,b
0,n,b
0,n,o
1,p,k
1,p,k
1,p,k
1,p,n
1,p,k
1,p,n
1,p,n
1,p,n
1,p,n
1,p,n
1,p,n
1,p,n
1,p,n
1,p,k
1,p,n
1,p,k
1,p,n
1,p,k
1,p,k
1,p,n
1,p,n
1,p,n
1,p,k
1,p,n
1,p,k
1,p,k
1,p,k
1,p,k
1,p,n
1,p,k
1,p,k
1,p,k
1,p,n
1,p,k
1,p,n
1,p,k
1,p,n
1,p,k
1,p,k
1,p,k
1,p,n
1,p,n
1,p,n
1,p,k
1,p,k
1,p,n
1,p,n
1,p,n
1,p,n
1,p,n
1,p,k
1,p,k
1,p,n
1,p,k
1,p,k
1,p,n
1,p,n
1,p,k
1,p,n
1,p,k
1,p,n
1,p,k
1,p,n
1,p,k
1,p,k
1,p,k
1,p,n
1,p,n
1,p,k
1,p,n
1,p,k
1,p,n
1,p,n
1,p,k
1,p,k
1,p,n
1,p,n
1,p,k
1,p,n
1,p,n
1,p,n
1,p,n
1,p,n
1,p,k
1,p,n
1,p,k
1,p,n
1,p,n
1,p,n
1,p,k
1,p,k
1,p,n
1,p,n
1,p,k
1,p,n
1,p,n
1,p,n
1,p,n
1,p,k
1,p,k
1,p,k
1,p,k
1,p,k
1,p,n
1,p,k
1,p,n
1,p,k
1,p,k
1,p,n
1,p,k
1,p,n
1,p,n
1,p,n
1,p,k
1,p,k
1,p,n
1,p,n
1,p,k
1,p,k
1,p,n
1,p,k
1,p,n
1,p,k
1,p,k
1,p,k
1,p,k
1,p,n
1,p,k
1,p,n
1,p,n
1,p,n
1,p,k
1,p,k
1,p,n
1,p,n
1,p,n
1,p,n
1,p,k
1,p,k
1,p,k
1,p,k
1,p,k
1,p,n
1,p,k
1,p,k
1,p,n
1,p,k
1,p,n
1,p,n
1,p,n
1,p,k
1,p,k
1,p,n
1,p,k
1,p,k
1,p,k
1,p,k
1,p,n
1,p,n
1,p,n
1,p,n
1,p,n
1,p,k
1,p,k
1,p,k
1,p,n
1,p,k
1,p,n
1,p,k
1,p,n
1,p,n
1,p,n
1,p,k
1,p,k
1,p,k
1,p,n
1,p,n
1,p,k
1,p,k
1,p,n
1,p,n
1,p,n
1,p,n
1,p,k
1,p,n
1,p,k
1,p,k
1,p,k
1,p,k
1,p,n
1,p,n
1,p,k
1,p,n
1,p,n
1,p,n
1,p,k
1,p,k
1,p,n
1,p,k
1,p,k
1,p,k
1,p,k
1,p,k
1,p,k
1,p,n
1,p,k
1,p,k
1,p,k
1,p,n
1,p,n
1,p,n
1,p,n
1,p,n
1,p,n
1,p,k
1,p,k
1,p,k
1,p,n
1,p,k
1,p,k
1,p,n
1,p,k
1,p,k
1,p,n
1,p,n
1,p,k
1,p,k
1,p,k
1,p,n
1,p,k
1,p,n
1,p,k
1,p,n
1,p,n
1,p,k
1,p,n
1,p,n
1,p,k
1,p,n
1,p,n
1,p,k
1,p,n
1,p,k
1,p,k
1,p,n
1,p,k
1,p,n
1,p,k
1,p,k
1,p,k
1,p,n
1,p,n
1,p,n
1,p,k
1,p,k
1,p,n
1,s,w
1,s,w
1,s,w
1,s,w
1,s,w
1,s,w
1,s,w
1,s,w
1,s,w
1,s,w
1,s,w
1,s,w
1,s,w
1,s,w
1,s,w
1,s,w
1,s,w
1,s,w
1,s,w
1,s,w
1,s,w
1,s,w
1,s,w
1,s,w
1,s,w
1,s,w
1,s,w
1,s,w
1,s,w
1,s,w
1,s,w
1,s,w
1,s,w
1,s,w
1,s,w
1,s,w
1,s,w
1,s,w
1,s,w
1,s,w
1,s,w
1,s,w
1,s,w
1,s,w
1,s,w
1,s,w
1,s,w
1,s,w
1,s,w
1,s,w
1,s,w
1,s,w
1,s,w
1,s,w
1,s,w
1,s,w
1,s,w
1,s,w
1,s,w
1,s,w
1,s,w
1,s,w
1,s,w
1,s,w
1,s,w
1,s,w
1,s,w
1,s,w
1,s,w
1,s,w
1,s,w
1,s,w
1,s,w
1,s,w
1,s,w
1,s,w
1,s,w
1,s,w
1,s,w
1,s,w
1,s,w
1,s,w
1,s,w
1,s,w
1,s,w
1,s,w
1,s,w
1,s,w
1,s,w
1,s,w
1,s,w
1,s,w
1,s,w
1,s,w
1,s,w
1,s,w
1,s,w
1,s,w
1,s,w
1,s,w
1,s,w
1,s,w
1,s,w
1,s,w
1,s,w
1,s,w
1,s,w
1,s,w
1,s,w
1,s,w
1,s,w
1,s,w
1,s,w
1,s,w
1,s,w
1,s,w
1,s,w
1,s,w
1,s,w
1,s,w
1,s,w
1,s,w
1,s,w
1,s,w
1,s,w
1,s,w
1,s,w
1,s,w
1,s,w
1,s,w
1,s,w
1,s,w
1,s,w
1,s,w
1,s,w
1,s,w
1,s,w
1,s,w
1,s,w
1,s,w
1,s,w
1,s,w
1,s,w
1,s,w
1,s,w
1,s,w
1,s,w
1,s,w
1,s,w
1,s,w
1,s,w
1,s,w
1,s,w
1,s,w
1,s,w
1,s,w
1,s,w
1,s,w
1,s,w
1,s,w
1,s,w
1,s,w
1,s,w
1,s,w
1,s,w
1,s,w
1,s,w
1,s,w
1,s,w
1,s,w
1,s,w
1,s,w
1,s,w
1,s,w
1,s,w
1,s,w
1,s,w
1,s,w
1,s,w
1,s,w
1,s,w
1,s,w
1,s,w
1,s,w
1,s,w
1,s,w
1,s,w
1,s,w
1,s,w
1,s,w
1,s,w
1,s,w
1,s,w
1,s,w
1,s,w
1,s,w
1,s,w
1,s,w
1,s,w
1,s,w
1,s,w
1,s,w
1,s,w
1,s,w
1,s,w
1,s,w
1,s,w
1,s,w
1,s,w
1,s,w
1,s,w
1,s,w
1,s,w
1,s,w
1,s,w
1,s,w
1,s,w
1,s,w
1,s,w
1,s,w
1,s,w
1,s,w
1,s,w
1,s,w
1,s,w
1,s,w
1,s,w
1,s,w
1,s,w
1,s,w
1,s,w
1,s,w
1,s,w
1,s,w
1,s,w
1,s,w
1,s,w
1,s,w
1,s,w
1,s,w
1,s,w
1,s,w
1,s,w
1,s,w
1,s,w
1,s,w
1,s,w
1,s,w
1,s,w
1,s,w
1,s,w
1,s,w
1,s,w
1,s,w
1,s,w
1,s,w
1,s,w
1,s,w
1,s,w
1,s,w
1,s,w
1,s,w
1,s,w
1,s,w
1,s,w
1,s,w
1,s,w
1,s,w
1,s,w
1,s,w
1,s,w
1,s,w
1,s,w
1,s,w
1,s,w
1,s,w
1,s,w
1,s,w
1,s,w
1,s,w
1,s,w
1,s,w
1,s,w
1,s,w
1,s,w
1,s,w
1,s,w
1,s,w
1,s,w
1,s,w
1,s,w
1,s,w
1,s,w
1,s,w
1,s,w
1,s,w
1,s,w
1,s,w
1,s,w
1,s,w
1,s,w
1,s,w
1,s,w
1,s,w
1,s,w
1,s,w
1,s,w
1,s,w
1,s,w
1,s,w
1,s,w
1,s,w
1,s,w
1,s,w
1,s,w
1,s,w
1,s,w
1,s,w
1,s,w
1,s,w
1,s,w
1,s,w
1,s,w
1,s,w
1,s,w
1,s,w
1,s,w
1,s,w
1,s,w
1,s,w
1,s,w
1,s,w
1,s,w
1,s,w
1,s,w
1,s,w
1,s,w
1,s,w
1,s,w
1,s,w
1,s,w
1,s,w
1,s,w
1,s,w
1,s,w
1,s,w
1,s,w
1,s,w
1,s,w
1,s,w
1,s,w
1,s,w
1,s,w
1,s,w
1,s,w
1,s,w
1,s,w
1,s,w
1,s,w
1,s,w
1,s,w
1,s,w
1,s,w
1,s,w
1,s,w
1,s,w
1,s,w
1,s,w
1,s,w
1,s,w
1,s,w
1,s,w
1,s,w
1,s,w
1,s,w
1,s,w
1,s,w
1,s,w
1,s,w
1,s,w
1,s,w
1,s,w
1,s,w
1,s,w
1,s,w
1,s,w
1,s,w
1,s,w
1,s,w
1,s,w
1,s,w
1,s,w
1,s,w
1,s,w
1,s,w
1,s,w
1,s,w
1,s,w
1,s,w
1,s,w
1,s,w
1,s,w
1,s,w
1,s,w
1,s,w
1,s,w
1,s,w
1,s,w
1,s,w
1,s,w
1,s,w
1,s,w
1,s,w
1,s,w
1,s,w
1,s,w
1,s,w
1,s,w
1,s,w
1,s,w
1,s,w
1,s,w
1,s,w
1,s,w
1,s,w
1,s,w
1,s,w
1,s,w
1,s,w
1,s,w
1,s,w
1,s,w
1,s,w
1,s,w
1,s,w
1,s,w
1,s,w
1,s,w
1,s,w
1,s,w
1,s,w
1,s,w
1,s,w
1,s,w
1,s,w
1,s,w
1,s,w
1,s,w
1,s,w
1,s,w
1,s,w
1,s,w
1,s,w
1,s,w
1,s,w
1,s,w
1,s,w
1,s,w
1,s,w
1,s,w
1,s,w
1,s,w
1,s,w
1,s,w
1,s,w
1,s,w
1,s,w
1,s,w
1,s,w
1,s,w
1,s,w
1,s,w
1,s,w
1,s,w
1,s,w
1,s,w
1,s,w
1,s,w
1,s,w
1,s,w
1,s,w
1,s,w
1,s,w
1,s,w
1,s,w
1,s,w
1,s,w
1,s,w
1,s,w
1,s,w
1,s,w
1,s,w
1,s,w
1,s,w
1,s,w
1,s,w
1,s,w
1,s,w
1,s,w
1,s,w
1,s,w
1,s,w
1,s,w
1,s,w
1,s,w
1,s,w
1,s,w
1,s,w
1,s,w
1,s,w
1,s,w
1,s,w
1,s,w
1,s,w
1,s,w
1,s,w
1,s,w
1,s,w
1,s,w
1,s,w
1,s,w
1,s,w
1,s,w
1,s,w
1,s,w
1,s,w
1,s,w
1,s,w
1,s,w
1,s,w
1,s,w
1,s,w
1,s,w
1,s,w
1,s,w
1,s,w
1,s,w
1,s,w
1,s,w
1,s,w
1,s,w
1,s,w
1,s,w
1,s,w
1,s,w
1,s,w
1,s,w
1,s,w
1,s,w
1,s,w
1,s,w
1,s,w
1,s,w
1,s,w
1,s,w
1,s,w
1,s,w
1,s,w
1,s,w
1,s,w
1,s,w
1,s,w
1,s,w
1,s,w
1,s,w
1,s,w
1,s,w
1,s,w
1,s,w
1,s,w
1,s,w
1,s,w
1,s,w
1,s,w
1,s,w
1,s,w
1,y,w
1,y,w
1,y,w
1,y,w
1,y,w
1,y,w
1,y,w
1,y,w
1,y,w
1,y,w
1,y,w
1,y,w
1,y,w
1,y,w
1,y,w
1,y,w
1,y,w
1,y,w
1,y,w
1,y,w
1,y,w
1,y,w
1,y,w
1,y,w
1,y,w
1,y,w
1,y,w
1,y,w
1,y,w
1,y,w
1,y,w
1,y,w
1,y,w
1,y,w
1,y,w
1,y,w
1,y,w
1,y,w
1,y,w
1,y,w
1,y,w
1,y,w
1,y,w
1,y,w
1,y,w
1,y,w
1,y,w
1,y,w
1,y,w
1,y,w
1,y,w
1,y,w
1,y,w
1,y,w
1,y,w
1,y,w
1,y,w
1,y,w
1,y,w
1,y,w
1,y,w
1,y,w
1,y,w
1,y,w
1,y,w
1,y,w
1,y,w
1,y,w
1,y,w
1,y,w
1,y,w
1,y,w
1,y,w
1,y,w
1,y,w
1,y,w
1,y,w
1,y,w
1,y,w
1,y,w
1,y,w
1,y,w
1,y,w
1,y,w
1,y,w
1,y,w
1,y,w
1,y,w
1,y,w
1,y,w
1,y,w
1,y,w
1,y,w
1,y,w
1,y,w
1,y,w
1,y,w
1,y,w
1,y,w
1,y,w
1,y,w
1,y,w
1,y,w
1,y,w
1,y,w
1,y,w
1,y,w
1,y,w
1,y,w
1,y,w
1,y,w
1,y,w
1,y,w
1,y,w
1,y,w
1,y,w
1,y,w
1,y,w
1,y,w
1,y,w
1,y,w
1,y,w
1,y,w
1,y,w
1,y,w
1,y,w
1,y,w
1,y,w
1,y,w
1,y,w
1,y,w
1,y,w
1,y,w
1,y,w
1,y,w
1,y,w
1,y,w
1,y,w
1,y,w
1,y,w
1,y,w
1,y,w
1,y,w
1,y,w
1,y,w
1,y,w
1,y,w
1,y,w
1,y,w
1,y,w
1,y,w
1,y,w
1,y,w
1,y,w
1,y,w
1,y,w
1,y,w
1,y,w
1,y,w
1,y,w
1,y,w
1,y,w
1,y,w
1,y,w
1,y,w
1,y,w
1,y,w
1,y,w
1,y,w
1,y,w
1,y,w
1,y,w
1,y,w
1,y,w
1,y,w
1,y,w
1,y,w
1,y,w
1,y,w
1,y,w
1,y,w
1,y,w
1,y,w
1,y,w
1,y,w
1,y,w
1,y,w
1,y,w
1,y,w
1,y,w
1,y,w
1,y,w
1,y,w
1,y,w
1,y,w
1,y,w
1,y,w
1,y,w
1,y,w
1,y,w
1,y,w
1,y,w
1,y,w
1,y,w
1,y,w
1,y,w
1,y,w
1,y,w
1,y,w
1,y,w
1,y,w
1,y,w
1,y,w
1,y,w
1,y,w
1,y,w
1,y,w
1,y,w
1,y,w
1,y,w
1,y,w
1,y,w
1,y,w
1,y,w
1,y,w
1,y,w
1,y,w
1,y,w
1,y,w
1,y,w
1,y,w
1,y,w
1,y,w
1,y,w
1,y,w
1,y,w
1,y,w
1,y,w
1,y,w
1,y,w
1,y,w
1,y,w
1,y,w
1,y,w
1,y,w
1,y,w
1,y,w
1,y,w
1,y,w
1,y,w
1,y,w
1,y,w
1,y,w
1,y,w
1,y,w
1,y,w
1,y,w
1,y,w
1,y,w
1,y,w
1,y,w
1,y,w
1,y,w
1,y,w
1,y,w
1,y,w
1,y,w
1,y,w
1,y,w
1,y,w
1,y,w
1,y,w
1,y,w
1,y,w
1,y,w
1,y,w
1,y,w
1,y,w
1,y,w
1,y,w
1,y,w
1,y,w
1,y,w
1,y,w
1,y,w
1,y,w
1,y,w
1,y,w
1,y,w
1,y,w
1,y,w
1,y,w
1,y,w
1,y,w
1,y,w
1,y,w
1,y,w
1,y,w
1,y,w
1,y,w
1,y,w
1,y,w
1,y,w
1,y,w
1,y,w
1,y,w
1,y,w
1,y,w
1,y,w
1,y,w
1,y,w
1,y,w
1,y,w
1,y,w
1,y,w
1,y,w
1,y,w
1,y,w
1,y,w
1,y,w
1,y,w
1,y,w
1,y,w
1,y,w
1,y,w
1,y,w
1,y,w
1,y,w
1,y,w
1,y,w
1,y,w
1,y,w
1,y,w
1,y,w
1,y,w
1,y,w
1,y,w
1,y,w
1,y,w
1,y,w
1,y,w
1,y,w
1,y,w
1,y,w
1,y,w
1,y,w
1,y,w
1,y,w
1,y,w
1,y,w
1,y,w
1,y,w
1,y,w
1,y,w
1,y,w
1,y,w
1,y,w
1,y,w
1,y,w
1,y,w
1,y,w
1,y,w
1,y,w
1,y,w
1,y,w
1,y,w
1,y,w
1,y,w
1,y,w
1,y,w
1,y,w
1,y,w
1,y,w
1,y,w
1,y,w
1,y,w
1,y,w
1,y,w
1,y,w
1,y,w
1,y,w
1,y,w
1,y,w
1,y,w
1,y,w
1,y,w
1,y,w
1,y,w
1,y,w
1,y,w
1,y,w
1,y,w
1,y,w
1,y,w
1,y,w
1,y,w
1,y,w
1,y,w
1,y,w
1,y,w
1,y,w
1,y,w
1,y,w
1,y,w
1,y,w
1,y,w
1,y,w
1,y,w
1,y,w
1,y,w
1,y,w
1,y,w
1,y,w
1,y,w
1,y,w
1,y,w
1,y,w
1,y,w
1,y,w
1,y,w
1,y,w
1,y,w
1,y,w
1,y,w
1,y,w
1,y,w
1,y,w
1,y,w
1,y,w
1,y,w
1,y,w
1,y,w
1,y,w
1,y,w
1,y,w
1,y,w
1,y,w
1,y,w
1,y,w
1,y,w
1,y,w
1,y,w
1,y,w
1,y,w
1,y,w
1,y,w
1,y,w
1,y,w
1,y,w
1,y,w
1,y,w
1,y,w
1,y,w
1,y,w
1,y,w
1,y,w
1,y,w
1,y,w
1,y,w
1,y,w
1,y,w
1,y,w
1,y,w
1,y,w
1,y,w
1,y,w
1,y,w
1,y,w
1,y,w
1,y,w
1,y,w
1,y,w
1,y,w
1,y,w
1,y,w
1,y,w
1,y,w
1,y,w
1,y,w
1,y,w
1,y,w
1,y,w
1,y,w
1,y,w
1,y,w
1,y,w
1,y,w
1,y,w
1,y,w
1,y,w
1,y,w
1,y,w
1,y,w
1,y,w
1,y,w
1,y,w
1,y,w
1,y,w
1,y,w
1,y,w
1,y,w
1,y,w
1,y,w
1,y,w
1,y,w
1,y,w
1,y,w
1,y,w
1,y,w
1,y,w
1,y,w
1,y,w
1,y,w
1,y,w
1,y,w
1,y,w
1,y,w
1,y,w
1,y,w
1,y,w
1,y,w
1,y,w
1,y,w
1,y,w
1,y,w
1,y,w
1,y,w
1,y,w
1,y,w
1,y,w
1,y,w
1,y,w
1,y,w
1,y,w
1,y,w
1,y,w
1,y,w
1,y,w
1,y,w
1,y,w
1,y,w
1,y,w
1,y,w
1,y,w
1,y,w
1,y,w
1,y,w
1,y,w
1,y,w
1,y,w
1,y,w
1,y,w
1,y,w
1,y,w
1,y,w
1,y,w
1,y,w
1,y,w
1,y,w
1,y,w
1,y,w
1,y,w
1,y,w
1,y,w
1,y,w
1,y,w
1,y,w
1,y,w
1,y,w
1,y,w
1,y,w
1,y,w
1,y,w
1,y,w
1,y,w
1,y,w